"user";"team";"event_time";"timing";"processing_time";"total_score"
"user9_BattleshipGreyCassowary";"BattleshipGreyCassowary";"2017-10-12T07:29:42.683Z";"EARLY";"2017-10-12 07:29:54.264";1
"user1_BattleshipGreyCassowary";"BattleshipGreyCassowary";"2017-10-12T07:29:43.205Z";"EARLY";"2017-10-12 07:29:54.264";8
"user10_BattleshipGreyCassowary";"BattleshipGreyCassowary";"2017-10-12T07:29:39.460Z";"EARLY";"2017-10-12 07:29:54.264";7
"user10_BattleshipGreyCassowary";"BattleshipGreyCassowary";"2017-10-12T07:29:02.156Z";"EARLY";"2017-10-12 07:29:54.264";11
"user8_BattleshipGreyCassowary";"BattleshipGreyCassowary";"2017-10-12T07:29:39.498Z";"EARLY";"2017-10-12 07:29:54.264";0
"user11_BattleshipGreyCassowary";"BattleshipGreyCassowary";"2017-10-12T07:29:39.705Z";"EARLY";"2017-10-12 07:29:54.264";2
"user1_BattleshipGreyCassowary";"BattleshipGreyCassowary";"2017-10-12T07:29:39.929Z";"EARLY";"2017-10-12 07:29:54.284";10
"user4_BattleshipGreyCassowary";"BattleshipGreyCassowary";"2017-10-12T07:29:42.625Z";"EARLY";"2017-10-12 07:29:54.284";7
"user4_BattleshipGreyCassowary";"BattleshipGreyCassowary";"2017-10-12T07:29:43.836Z";"EARLY";"2017-10-12 07:29:54.293";8
"user12_BattleshipGreyCassowary";"BattleshipGreyCassowary";"2017-10-12T07:29:40.790Z";"EARLY";"2017-10-12 07:29:54.294";11
"user5_BattleshipGreyCassowary";"BattleshipGreyCassowary";"2017-10-12T07:29:43.978Z";"EARLY";"2017-10-12 07:29:54.293";13
"user0_BattleshipGreyCassowary";"BattleshipGreyCassowary";"2017-10-12T07:29:12.121Z";"EARLY";"2017-10-12 07:29:54.293";18
"user11_BattleshipGreyCassowary";"BattleshipGreyCassowary";"2017-10-12T07:29:39.604Z";"EARLY";"2017-10-12 07:29:54.293";13
"user1_BattleshipGreyCassowary";"BattleshipGreyCassowary";"2017-10-12T07:29:43.094Z";"EARLY";"2017-10-12 07:29:54.312";15
"Robot-1";"BattleshipGreyCassowary";"2017-10-12T07:29:41.380Z";"EARLY";"2017-10-12 07:29:54.312";10
"user6_BattleshipGreyCassowary";"BattleshipGreyCassowary";"2017-10-12T07:29:41.602Z";"EARLY";"2017-10-12 07:29:54.313";12
"Robot-1";"BattleshipGreyCassowary";"2017-10-12T07:29:41.243Z";"EARLY";"2017-10-12 07:29:54.339";0
"Robot-1";"BattleshipGreyCassowary";"2017-10-12T07:29:27.863Z";"EARLY";"2017-10-12 07:29:54.347";9
"user5_BattleshipGreyCassowary";"BattleshipGreyCassowary";"2017-10-12T07:29:43.344Z";"EARLY";"2017-10-12 07:29:54.347";1
"user6_BattleshipGreyCassowary";"BattleshipGreyCassowary";"2017-10-12T07:29:40.780Z";"EARLY";"2017-10-12 07:29:54.347";4
"Robot-1";"BattleshipGreyCassowary";"2017-10-12T07:29:43.524Z";"EARLY";"2017-10-12 07:29:54.381";17
"user2_BattleshipGreyCassowary";"BattleshipGreyCassowary";"2017-10-12T07:29:40.828Z";"EARLY";"2017-10-12 07:29:54.381";8
"user11_BattleshipGreyCassowary";"BattleshipGreyCassowary";"2017-10-12T07:28:57.586Z";"EARLY";"2017-10-12 07:29:54.382";15
"Robot-1";"BattleshipGreyCassowary";"2017-10-12T07:29:26.597Z";"EARLY";"2017-10-12 07:29:54.382";8
"user2_BattleshipGreyCassowary";"BattleshipGreyCassowary";"2017-10-12T07:29:43.762Z";"EARLY";"2017-10-12 07:29:54.382";3
"user7_BattleshipGreyCassowary";"BattleshipGreyCassowary";"2017-10-12T07:29:43.551Z";"EARLY";"2017-10-12 07:29:54.425";13
"user7_BattleshipGreyCassowary";"BattleshipGreyCassowary";"2017-10-12T07:29:22.005Z";"EARLY";"2017-10-12 07:29:54.434";3
"user6_BattleshipGreyCassowary";"BattleshipGreyCassowary";"2017-10-12T07:29:39.565Z";"EARLY";"2017-10-12 07:29:54.434";15
"Robot-1";"BattleshipGreyCassowary";"2017-10-12T07:29:41.986Z";"EARLY";"2017-10-12 07:29:54.434";4
"Robot-1";"BattleshipGreyCassowary";"2017-10-12T07:29:42.699Z";"EARLY";"2017-10-12 07:29:54.435";15
"user0_BattleshipGreyCassowary";"BattleshipGreyCassowary";"2017-10-12T07:29:41.167Z";"EARLY";"2017-10-12 07:29:54.435";7
"user2_BattleshipGreyCassowary";"BattleshipGreyCassowary";"2017-10-12T07:29:46.102Z";"EARLY";"2017-10-12 07:29:57.752";17
"user3_BattleshipGreyCassowary";"BattleshipGreyCassowary";"2017-10-12T07:29:44.346Z";"EARLY";"2017-10-12 07:29:57.760";2
"Robot-8";"BattleshipGreyCassowary";"2017-10-12T07:29:44.048Z";"EARLY";"2017-10-12 07:29:57.760";13
"user10_BattleshipGreyCassowary";"BattleshipGreyCassowary";"2017-10-12T07:29:45.593Z";"EARLY";"2017-10-12 07:29:57.760";8
"user3_BattleshipGreyCassowary";"BattleshipGreyCassowary";"2017-10-12T07:29:47.350Z";"EARLY";"2017-10-12 07:29:57.760";13
"user2_BattleshipGreyCassowary";"BattleshipGreyCassowary";"2017-10-12T07:29:40.028Z";"EARLY";"2017-10-12 07:29:57.760";8
"user5_BattleshipGreyCassowary";"BattleshipGreyCassowary";"2017-10-12T07:29:46.442Z";"EARLY";"2017-10-12 07:29:57.760";2
"user9_BattleshipGreyCassowary";"BattleshipGreyCassowary";"2017-10-12T07:29:45.955Z";"EARLY";"2017-10-12 07:29:57.760";11
"user8_BattleshipGreyCassowary";"BattleshipGreyCassowary";"2017-10-12T07:29:44.305Z";"EARLY";"2017-10-12 07:29:57.760";10
"Robot-8";"BattleshipGreyCassowary";"2017-10-12T07:29:43.946Z";"EARLY";"2017-10-12 07:29:57.760";4
"user6_BattleshipGreyCassowary";"BattleshipGreyCassowary";"2017-10-12T07:29:44.894Z";"EARLY";"2017-10-12 07:29:57.790";4
"user6_BattleshipGreyCassowary";"BattleshipGreyCassowary";"2017-10-12T07:29:45.132Z";"EARLY";"2017-10-12 07:29:57.790";14
"user2_BattleshipGreyCassowary";"BattleshipGreyCassowary";"2017-10-12T07:29:45.279Z";"EARLY";"2017-10-12 07:29:57.790";17
"user0_BattleshipGreyCassowary";"BattleshipGreyCassowary";"2017-10-12T07:29:46.781Z";"EARLY";"2017-10-12 07:29:57.797";1
"user10_BattleshipGreyCassowary";"BattleshipGreyCassowary";"2017-10-12T07:29:33.367Z";"EARLY";"2017-10-12 07:29:57.797";3
"user10_BattleshipGreyCassowary";"BattleshipGreyCassowary";"2017-10-12T07:29:05.313Z";"EARLY";"2017-10-12 07:29:57.797";14
"user4_BattleshipGreyCassowary";"BattleshipGreyCassowary";"2017-10-12T07:29:43.108Z";"EARLY";"2017-10-12 07:29:57.797";6
"user7_BattleshipGreyCassowary";"BattleshipGreyCassowary";"2017-10-12T07:29:44.438Z";"EARLY";"2017-10-12 07:29:57.797";2
"user8_BattleshipGreyCassowary";"BattleshipGreyCassowary";"2017-10-12T07:29:46.428Z";"EARLY";"2017-10-12 07:29:57.798";6
"user10_BattleshipGreyCassowary";"BattleshipGreyCassowary";"2017-10-12T07:29:44.328Z";"EARLY";"2017-10-12 07:29:57.798";19
"user9_BattleshipGreyCassowary";"BattleshipGreyCassowary";"2017-10-12T07:29:44.604Z";"EARLY";"2017-10-12 07:29:57.813";12
"user1_BattleshipGreyCassowary";"BattleshipGreyCassowary";"2017-10-12T07:29:46.580Z";"EARLY";"2017-10-12 07:29:57.813";16
"user10_BattleshipGreyCassowary";"BattleshipGreyCassowary";"2017-10-12T07:29:45.865Z";"EARLY";"2017-10-12 07:29:57.813";12
"user6_BattleshipGreyCassowary";"BattleshipGreyCassowary";"2017-10-12T07:29:44.947Z";"EARLY";"2017-10-12 07:29:57.813";6
"user7_BattleshipGreyCassowary";"BattleshipGreyCassowary";"2017-10-12T07:29:45.546Z";"EARLY";"2017-10-12 07:29:57.813";12
"user4_BattleshipGreyCassowary";"BattleshipGreyCassowary";"2017-10-12T07:29:20.612Z";"EARLY";"2017-10-12 07:29:57.821";4
"user7_BattleshipGreyCassowary";"BattleshipGreyCassowary";"2017-10-12T07:29:47.376Z";"EARLY";"2017-10-12 07:29:57.821";14
"user9_BattleshipGreyCassowary";"BattleshipGreyCassowary";"2017-10-12T07:29:47.655Z";"EARLY";"2017-10-12 07:29:57.821";0
"user10_BattleshipGreyCassowary";"BattleshipGreyCassowary";"2017-10-12T07:29:45.838Z";"EARLY";"2017-10-12 07:29:57.821";3
"user3_BattleshipGreyCassowary";"BattleshipGreyCassowary";"2017-10-12T07:29:43.245Z";"EARLY";"2017-10-12 07:29:57.821";2
"user3_BattleshipGreyCassowary";"BattleshipGreyCassowary";"2017-10-12T07:29:47.736Z";"EARLY";"2017-10-12 07:29:57.851";14
"user0_BattleshipGreyCassowary";"BattleshipGreyCassowary";"2017-10-12T07:29:47.722Z";"EARLY";"2017-10-12 07:29:57.851";2
"Robot-8";"BattleshipGreyCassowary";"2017-10-12T07:29:45.085Z";"EARLY";"2017-10-12 07:29:57.851";1
"user1_BattleshipGreyCassowary";"BattleshipGreyCassowary";"2017-10-12T07:29:47.325Z";"EARLY";"2017-10-12 07:29:57.851";6
"Robot-8";"BattleshipGreyCassowary";"2017-10-12T07:29:13.783Z";"EARLY";"2017-10-12 07:29:57.851";3
"Robot-8";"BattleshipGreyCassowary";"2017-10-12T07:29:44.613Z";"EARLY";"2017-10-12 07:29:57.851";13
"user10_BattleshipGreyCassowary";"BattleshipGreyCassowary";"2017-10-12T07:29:46.561Z";"EARLY";"2017-10-12 07:29:57.851";8
"user0_BattleshipGreyCassowary";"BattleshipGreyCassowary";"2017-10-12T07:29:46.243Z";"EARLY";"2017-10-12 07:29:57.851";7
"user9_BattleshipGreyCassowary";"BattleshipGreyCassowary";"2017-10-12T07:29:44.708Z";"EARLY";"2017-10-12 07:29:57.851";2
"user6_BattleshipGreyCassowary";"BattleshipGreyCassowary";"2017-10-12T07:29:44.047Z";"EARLY";"2017-10-12 07:29:57.851";6
"user10_BattleshipGreyCassowary";"BattleshipGreyCassowary";"2017-10-12T07:29:45.704Z";"EARLY";"2017-10-12 07:29:57.867";17
"user0_BattleshipGreyCassowary";"BattleshipGreyCassowary";"2017-10-12T07:29:46.436Z";"EARLY";"2017-10-12 07:29:57.867";10
"user6_BattleshipGreyCassowary";"BattleshipGreyCassowary";"2017-10-12T07:29:46.230Z";"EARLY";"2017-10-12 07:29:57.867";0
"Robot-8";"BattleshipGreyCassowary";"2017-10-12T07:29:36.279Z";"EARLY";"2017-10-12 07:29:57.867";3
"user5_BattleshipGreyCassowary";"BattleshipGreyCassowary";"2017-10-12T07:29:43.715Z";"EARLY";"2017-10-12 07:29:57.874";5
"user4_BattleshipGreyCassowary";"BattleshipGreyCassowary";"2017-10-12T07:29:45.124Z";"EARLY";"2017-10-12 07:29:57.874";19
"user1_BattleshipGreyCassowary";"BattleshipGreyCassowary";"2017-10-12T07:29:45.420Z";"EARLY";"2017-10-12 07:29:57.874";5
"user3_BattleshipGreyCassowary";"BattleshipGreyCassowary";"2017-10-12T07:29:43.593Z";"EARLY";"2017-10-12 07:29:57.874";14
"user4_BattleshipGreyCassowary";"BattleshipGreyCassowary";"2017-10-12T07:29:43.604Z";"EARLY";"2017-10-12 07:29:57.874";10
"user1_BattleshipGreyCassowary";"BattleshipGreyCassowary";"2017-10-12T07:29:45.533Z";"EARLY";"2017-10-12 07:29:57.874";10
"Robot-8";"BattleshipGreyCassowary";"2017-10-12T07:29:46.266Z";"EARLY";"2017-10-12 07:29:57.904";17
"user4_BattleshipGreyCassowary";"BattleshipGreyCassowary";"2017-10-12T07:29:46.658Z";"EARLY";"2017-10-12 07:29:57.904";8
"user9_BattleshipGreyCassowary";"BattleshipGreyCassowary";"2017-10-12T07:29:44.408Z";"EARLY";"2017-10-12 07:29:57.904";2
"user4_BattleshipGreyCassowary";"BattleshipGreyCassowary";"2017-10-12T07:29:46.510Z";"EARLY";"2017-10-12 07:29:57.904";7
"user7_BattleshipGreyCassowary";"BattleshipGreyCassowary";"2017-10-12T07:29:46.372Z";"EARLY";"2017-10-12 07:29:57.904";8
"user0_BattleshipGreyCassowary";"BattleshipGreyCassowary";"2017-10-12T07:29:47.006Z";"EARLY";"2017-10-12 07:29:57.904";16
"user3_BattleshipGreyCassowary";"BattleshipGreyCassowary";"2017-10-12T07:29:13.257Z";"EARLY";"2017-10-12 07:29:57.904";12
"Robot-8";"BattleshipGreyCassowary";"2017-10-12T07:29:43.159Z";"EARLY";"2017-10-12 07:29:57.904";2
"user6_BattleshipGreyCassowary";"BattleshipGreyCassowary";"2017-10-12T07:29:44.015Z";"EARLY";"2017-10-12 07:29:57.904";3
"user5_BattleshipGreyCassowary";"BattleshipGreyCassowary";"2017-10-12T07:29:46.220Z";"EARLY";"2017-10-12 07:29:57.904";3
"user10_BattleshipGreyCassowary";"BattleshipGreyCassowary";"2017-10-12T07:29:43.843Z";"EARLY";"2017-10-12 07:29:57.925";18
"user1_BattleshipGreyCassowary";"BattleshipGreyCassowary";"2017-10-12T07:29:45.117Z";"EARLY";"2017-10-12 07:29:57.925";6
"user8_BattleshipGreyCassowary";"BattleshipGreyCassowary";"2017-10-12T07:29:44.055Z";"EARLY";"2017-10-12 07:29:57.925";6
"user2_BattleshipGreyCassowary";"BattleshipGreyCassowary";"2017-10-12T07:29:43.397Z";"EARLY";"2017-10-12 07:29:57.932";18
"user3_BattleshipGreyCassowary";"BattleshipGreyCassowary";"2017-10-12T07:29:45.391Z";"EARLY";"2017-10-12 07:29:57.932";5
"Robot-8";"BattleshipGreyCassowary";"2017-10-12T07:29:43.843Z";"EARLY";"2017-10-12 07:29:57.932";10
"user3_BattleshipGreyCassowary";"BattleshipGreyCassowary";"2017-10-12T07:29:44.563Z";"EARLY";"2017-10-12 07:29:57.932";15
"user1_BattleshipGreyCassowary";"BattleshipGreyCassowary";"2017-10-12T07:29:47.138Z";"EARLY";"2017-10-12 07:29:57.932";3
"user4_BattleshipGreyCassowary";"BattleshipGreyCassowary";"2017-10-12T07:29:46.351Z";"EARLY";"2017-10-12 07:29:57.932";18
"user6_BattleshipGreyCassowary";"BattleshipGreyCassowary";"2017-10-12T07:28:55.330Z";"EARLY";"2017-10-12 07:29:57.932";10
"user2_BattleshipGreyCassowary";"BattleshipGreyCassowary";"2017-10-12T07:29:45.986Z";"EARLY";"2017-10-12 07:29:57.954";18
"user5_BattleshipGreyCassowary";"BattleshipGreyCassowary";"2017-10-12T07:29:43.157Z";"EARLY";"2017-10-12 07:29:57.954";15
"user8_BattleshipGreyCassowary";"BattleshipGreyCassowary";"2017-10-12T07:29:47.678Z";"EARLY";"2017-10-12 07:29:57.954";19
"user4_BattleshipGreyCassowary";"BattleshipGreyCassowary";"2017-10-12T07:29:47.296Z";"EARLY";"2017-10-12 07:29:57.954";19
"user9_BattleshipGreyCassowary";"BattleshipGreyCassowary";"2017-10-12T07:29:46.271Z";"EARLY";"2017-10-12 07:29:57.954";15
"Robot-8";"BattleshipGreyCassowary";"2017-10-12T07:29:47.006Z";"EARLY";"2017-10-12 07:29:57.954";18
"user9_BattleshipGreyCassowary";"BattleshipGreyCassowary";"2017-10-12T07:28:53.361Z";"EARLY";"2017-10-12 07:29:57.954";4
"user8_BattleshipGreyCassowary";"BattleshipGreyCassowary";"2017-10-12T07:29:45.329Z";"EARLY";"2017-10-12 07:29:57.954";10
"user3_BattleshipGreyCassowary";"BattleshipGreyCassowary";"2017-10-12T07:29:47.492Z";"EARLY";"2017-10-12 07:29:57.961";16
"user8_BattleshipGreyCassowary";"BattleshipGreyCassowary";"2017-10-12T07:29:44.882Z";"EARLY";"2017-10-12 07:29:57.961";4
"user8_BattleshipGreyCassowary";"BattleshipGreyCassowary";"2017-10-12T07:29:46.744Z";"EARLY";"2017-10-12 07:29:57.991";0
"user10_BattleshipGreyCassowary";"BattleshipGreyCassowary";"2017-10-12T07:29:45.157Z";"EARLY";"2017-10-12 07:29:57.991";19
"user7_BattleshipGreyCassowary";"BattleshipGreyCassowary";"2017-10-12T07:29:46.579Z";"EARLY";"2017-10-12 07:29:57.991";7
"user2_BattleshipGreyCassowary";"BattleshipGreyCassowary";"2017-10-12T07:29:45.239Z";"EARLY";"2017-10-12 07:29:57.991";4
"user8_BattleshipGreyCassowary";"BattleshipGreyCassowary";"2017-10-12T07:29:44.096Z";"EARLY";"2017-10-12 07:29:57.991";8
"user6_BattleshipGreyCassowary";"BattleshipGreyCassowary";"2017-10-12T07:29:47.853Z";"EARLY";"2017-10-12 07:29:57.991";6
"user4_BattleshipGreyCassowary";"BattleshipGreyCassowary";"2017-10-12T07:29:46.012Z";"EARLY";"2017-10-12 07:29:57.991";9
"user3_BattleshipGreyCassowary";"BattleshipGreyCassowary";"2017-10-12T07:29:43.448Z";"EARLY";"2017-10-12 07:29:57.991";1
"Robot-8";"BattleshipGreyCassowary";"2017-10-12T07:29:43.018Z";"EARLY";"2017-10-12 07:29:57.991";18
"user4_BattleshipGreyCassowary";"BattleshipGreyCassowary";"2017-10-12T07:29:43.042Z";"EARLY";"2017-10-12 07:29:57.991";1
"user7_BattleshipGreyCassowary";"BattleshipGreyCassowary";"2017-10-12T07:29:44.542Z";"EARLY";"2017-10-12 07:29:58.006";18
"user8_BattleshipGreyCassowary";"BattleshipGreyCassowary";"2017-10-12T07:29:43.943Z";"EARLY";"2017-10-12 07:29:58.006";5
"user8_BattleshipGreyCassowary";"BattleshipGreyCassowary";"2017-10-12T07:29:47.574Z";"EARLY";"2017-10-12 07:29:58.006";5
"Robot-8";"BattleshipGreyCassowary";"2017-10-12T07:29:47.607Z";"EARLY";"2017-10-12 07:29:58.006";12
"user10_BattleshipGreyCassowary";"BattleshipGreyCassowary";"2017-10-12T07:29:43.935Z";"EARLY";"2017-10-12 07:29:58.006";8
"Robot-8";"BattleshipGreyCassowary";"2017-10-12T07:29:43.572Z";"EARLY";"2017-10-12 07:29:58.006";23
"user1_BattleshipGreyCassowary";"BattleshipGreyCassowary";"2017-10-12T07:29:44.880Z";"EARLY";"2017-10-12 07:29:58.006";17
"user7_BattleshipGreyCassowary";"BattleshipGreyCassowary";"2017-10-12T07:29:47.690Z";"EARLY";"2017-10-12 07:29:58.014";4
"user3_BattleshipGreyCassowary";"BattleshipGreyCassowary";"2017-10-12T07:29:46.067Z";"EARLY";"2017-10-12 07:29:58.014";2
"user2_BattleshipGreyCassowary";"BattleshipGreyCassowary";"2017-10-12T07:29:43.257Z";"EARLY";"2017-10-12 07:29:58.014";3
"Robot-8";"BattleshipGreyCassowary";"2017-10-12T07:29:44.691Z";"EARLY";"2017-10-12 07:29:58.042";17
"Robot-8";"BattleshipGreyCassowary";"2017-10-12T07:28:55.098Z";"EARLY";"2017-10-12 07:29:58.042";1
"Robot-8";"BattleshipGreyCassowary";"2017-10-12T07:29:44.919Z";"EARLY";"2017-10-12 07:29:58.042";13
"user5_BattleshipGreyCassowary";"BattleshipGreyCassowary";"2017-10-12T07:29:47.243Z";"EARLY";"2017-10-12 07:29:58.042";16
"user7_BattleshipGreyCassowary";"BattleshipGreyCassowary";"2017-10-12T07:29:45.844Z";"EARLY";"2017-10-12 07:29:58.043";18
"user5_BattleshipGreyCassowary";"BattleshipGreyCassowary";"2017-10-12T07:29:43.639Z";"EARLY";"2017-10-12 07:29:58.043";9
"Robot-8";"BattleshipGreyCassowary";"2017-10-12T07:29:43.317Z";"EARLY";"2017-10-12 07:29:58.043";2
"user7_BattleshipGreyCassowary";"BattleshipGreyCassowary";"2017-10-12T07:29:43.186Z";"EARLY";"2017-10-12 07:29:58.043";0
"Robot-8";"BattleshipGreyCassowary";"2017-10-12T07:28:57.509Z";"EARLY";"2017-10-12 07:29:58.049";18
"user5_BattleshipGreyCassowary";"BattleshipGreyCassowary";"2017-10-12T07:29:43.418Z";"EARLY";"2017-10-12 07:29:58.049";17
"user7_BattleshipGreyCassowary";"BattleshipGreyCassowary";"2017-10-12T07:29:45.184Z";"EARLY";"2017-10-12 07:29:58.074";2
"user7_BattleshipGreyCassowary";"BattleshipGreyCassowary";"2017-10-12T07:29:46.456Z";"EARLY";"2017-10-12 07:29:58.074";2
"user9_BattleshipGreyCassowary";"BattleshipGreyCassowary";"2017-10-12T07:29:42.970Z";"EARLY";"2017-10-12 07:29:58.074";14
"user9_BattleshipGreyCassowary";"BattleshipGreyCassowary";"2017-10-12T07:29:45.180Z";"EARLY";"2017-10-12 07:29:58.074";6
"user10_BattleshipGreyCassowary";"BattleshipGreyCassowary";"2017-10-12T07:29:46.748Z";"EARLY";"2017-10-12 07:29:58.074";16
"user6_BattleshipGreyCassowary";"BattleshipGreyCassowary";"2017-10-12T07:29:44.803Z";"EARLY";"2017-10-12 07:29:58.074";7
"Robot-8";"BattleshipGreyCassowary";"2017-10-12T07:29:05.913Z";"EARLY";"2017-10-12 07:29:58.074";4
"user3_BattleshipGreyCassowary";"BattleshipGreyCassowary";"2017-10-12T07:29:43.659Z";"EARLY";"2017-10-12 07:29:58.083";10
"user6_BattleshipGreyCassowary";"BattleshipGreyCassowary";"2017-10-12T07:29:47.732Z";"EARLY";"2017-10-12 07:29:58.083";8
"user3_BattleshipGreyCassowary";"BattleshipGreyCassowary";"2017-10-12T07:29:44.555Z";"EARLY";"2017-10-12 07:29:58.083";14
"user0_BattleshipGreyCassowary";"BattleshipGreyCassowary";"2017-10-12T07:29:47.263Z";"EARLY";"2017-10-12 07:29:58.099";19
"Robot-8";"BattleshipGreyCassowary";"2017-10-12T07:29:44.041Z";"EARLY";"2017-10-12 07:29:58.099";0
"user6_BattleshipGreyCassowary";"BattleshipGreyCassowary";"2017-10-12T07:29:44.979Z";"EARLY";"2017-10-12 07:29:58.099";2
"Robot-8";"BattleshipGreyCassowary";"2017-10-12T07:29:47.105Z";"EARLY";"2017-10-12 07:29:58.099";2
"user2_BattleshipGreyCassowary";"BattleshipGreyCassowary";"2017-10-12T07:29:46.903Z";"EARLY";"2017-10-12 07:29:58.099";3
"Robot-8";"BattleshipGreyCassowary";"2017-10-12T07:29:45.761Z";"EARLY";"2017-10-12 07:29:58.099";15
"user3_BattleshipGreyCassowary";"BattleshipGreyCassowary";"2017-10-12T07:29:16.614Z";"EARLY";"2017-10-12 07:29:58.099";1
"user10_BattleshipGreyCassowary";"BattleshipGreyCassowary";"2017-10-12T07:29:43.125Z";"EARLY";"2017-10-12 07:29:58.100";4
"Robot-8";"BattleshipGreyCassowary";"2017-10-12T07:29:47.176Z";"EARLY";"2017-10-12 07:29:58.100";0
"user2_BattleshipGreyCassowary";"BattleshipGreyCassowary";"2017-10-12T07:29:45.380Z";"EARLY";"2017-10-12 07:29:58.107";2
"user6_BattleshipGreyCassowary";"BattleshipGreyCassowary";"2017-10-12T07:29:44.789Z";"EARLY";"2017-10-12 07:29:58.123";19
"Robot-8";"BattleshipGreyCassowary";"2017-10-12T07:29:46.423Z";"EARLY";"2017-10-12 07:29:58.123";5
"user3_BattleshipGreyCassowary";"BattleshipGreyCassowary";"2017-10-12T07:29:44.660Z";"EARLY";"2017-10-12 07:29:58.123";18
"user9_BattleshipGreyCassowary";"BattleshipGreyCassowary";"2017-10-12T07:29:45.419Z";"EARLY";"2017-10-12 07:29:58.123";0
"user5_BattleshipGreyCassowary";"BattleshipGreyCassowary";"2017-10-12T07:29:43.933Z";"EARLY";"2017-10-12 07:29:58.123";12
"user3_BattleshipGreyCassowary";"BattleshipGreyCassowary";"2017-10-12T07:29:43.820Z";"EARLY";"2017-10-12 07:29:58.123";4
"user9_BattleshipGreyCassowary";"BattleshipGreyCassowary";"2017-10-12T07:29:43.827Z";"EARLY";"2017-10-12 07:29:58.123";3
"user9_BattleshipGreyCassowary";"BattleshipGreyCassowary";"2017-10-12T07:29:44.233Z";"EARLY";"2017-10-12 07:29:58.123";4
"user0_BattleshipGreyCassowary";"BattleshipGreyCassowary";"2017-10-12T07:29:47.729Z";"EARLY";"2017-10-12 07:29:58.130";15
"user10_BattleshipGreyCassowary";"BattleshipGreyCassowary";"2017-10-12T07:29:45.620Z";"EARLY";"2017-10-12 07:29:58.130";4
"Robot-8";"BattleshipGreyCassowary";"2017-10-12T07:29:44.862Z";"EARLY";"2017-10-12 07:29:58.152";8
"Robot-8";"BattleshipGreyCassowary";"2017-10-12T07:29:44.830Z";"EARLY";"2017-10-12 07:29:58.152";15
"user9_BattleshipGreyCassowary";"BattleshipGreyCassowary";"2017-10-12T07:29:43.623Z";"EARLY";"2017-10-12 07:29:58.152";10
"Robot-8";"BattleshipGreyCassowary";"2017-10-12T07:29:46.577Z";"EARLY";"2017-10-12 07:29:58.152";15
"user2_BattleshipGreyCassowary";"BattleshipGreyCassowary";"2017-10-12T07:29:47.742Z";"EARLY";"2017-10-12 07:29:58.152";4
"Robot-8";"BattleshipGreyCassowary";"2017-10-12T07:29:45.900Z";"EARLY";"2017-10-12 07:29:58.152";1
"user0_BattleshipGreyCassowary";"BattleshipGreyCassowary";"2017-10-12T07:29:46.541Z";"EARLY";"2017-10-12 07:29:58.152";14
"user5_BattleshipGreyCassowary";"BattleshipGreyCassowary";"2017-10-12T07:29:44.604Z";"EARLY";"2017-10-12 07:29:58.152";10
"user4_BattleshipGreyCassowary";"BattleshipGreyCassowary";"2017-10-12T07:29:47.353Z";"EARLY";"2017-10-12 07:29:58.152";19
"Robot-8";"BattleshipGreyCassowary";"2017-10-12T07:29:47.398Z";"EARLY";"2017-10-12 07:29:58.159";10
"user8_BattleshipGreyCassowary";"BattleshipGreyCassowary";"2017-10-12T07:29:43.201Z";"EARLY";"2017-10-12 07:29:58.174";19
"user8_BattleshipGreyCassowary";"BattleshipGreyCassowary";"2017-10-12T07:29:46.255Z";"EARLY";"2017-10-12 07:29:58.174";16
"user6_BattleshipGreyCassowary";"BattleshipGreyCassowary";"2017-10-12T07:29:43.568Z";"EARLY";"2017-10-12 07:29:58.174";7
"Robot-8";"BattleshipGreyCassowary";"2017-10-12T07:29:43.241Z";"EARLY";"2017-10-12 07:29:58.174";2
"user2_BattleshipGreyCassowary";"BattleshipGreyCassowary";"2017-10-12T07:29:46.497Z";"EARLY";"2017-10-12 07:29:58.174";17
"user4_BattleshipGreyCassowary";"BattleshipGreyCassowary";"2017-10-12T07:29:43.475Z";"EARLY";"2017-10-12 07:29:58.174";6
"user9_BattleshipGreyCassowary";"BattleshipGreyCassowary";"2017-10-12T07:29:46.020Z";"EARLY";"2017-10-12 07:29:58.174";9
"user10_BattleshipGreyCassowary";"BattleshipGreyCassowary";"2017-10-12T07:29:46.432Z";"EARLY";"2017-10-12 07:29:58.174";14
"user1_BattleshipGreyCassowary";"BattleshipGreyCassowary";"2017-10-12T07:29:45.726Z";"EARLY";"2017-10-12 07:29:58.185";0
"user10_BattleshipGreyCassowary";"BattleshipGreyCassowary";"2017-10-12T07:29:47.907Z";"EARLY";"2017-10-12 07:29:58.203";16
"Robot-8";"BattleshipGreyCassowary";"2017-10-12T07:29:43.979Z";"EARLY";"2017-10-12 07:29:58.203";17
"Robot-8";"BattleshipGreyCassowary";"2017-10-12T07:29:16.339Z";"EARLY";"2017-10-12 07:29:58.203";13
"user3_BattleshipGreyCassowary";"BattleshipGreyCassowary";"2017-10-12T07:29:44.867Z";"EARLY";"2017-10-12 07:29:58.203";9
"user6_BattleshipGreyCassowary";"BattleshipGreyCassowary";"2017-10-12T07:29:44.231Z";"EARLY";"2017-10-12 07:29:58.203";16
"user2_BattleshipGreyCassowary";"BattleshipGreyCassowary";"2017-10-12T07:29:44.128Z";"EARLY";"2017-10-12 07:29:58.203";7
"user1_BattleshipGreyCassowary";"BattleshipGreyCassowary";"2017-10-12T07:29:46.377Z";"EARLY";"2017-10-12 07:29:58.203";16
"Robot-8";"BattleshipGreyCassowary";"2017-10-12T07:29:45.300Z";"EARLY";"2017-10-12 07:29:58.203";8
"Robot-8";"BattleshipGreyCassowary";"2017-10-12T07:29:44.548Z";"EARLY";"2017-10-12 07:29:58.203";3
"user3_BattleshipGreyCassowary";"BattleshipGreyCassowary";"2017-10-12T07:29:43.249Z";"EARLY";"2017-10-12 07:29:58.211";5
"user3_BattleshipGreyCassowary";"BattleshipGreyCassowary";"2017-10-12T07:30:20.844Z";"EARLY";"2017-10-12 07:30:31.790";19
"user6_BattleshipGreyCassowary";"BattleshipGreyCassowary";"2017-10-12T07:30:20.454Z";"EARLY";"2017-10-12 07:30:31.808";0
"user1_BattleshipGreyCassowary";"BattleshipGreyCassowary";"2017-10-12T07:30:16.775Z";"EARLY";"2017-10-12 07:30:31.808";0
"user9_BattleshipGreyCassowary";"BattleshipGreyCassowary";"2017-10-12T07:30:17.764Z";"EARLY";"2017-10-12 07:30:31.808";6
"user1_BattleshipGreyCassowary";"BattleshipGreyCassowary";"2017-10-12T07:29:38.848Z";"EARLY";"2017-10-12 07:30:31.808";11
"user11_BattleshipGreyCassowary";"BattleshipGreyCassowary";"2017-10-12T07:30:20.281Z";"EARLY";"2017-10-12 07:30:31.915";12
"user13_BattleshipGreyCassowary";"BattleshipGreyCassowary";"2017-10-12T07:30:18.881Z";"EARLY";"2017-10-12 07:30:31.915";16
"user17_BattleshipGreyCassowary";"BattleshipGreyCassowary";"2017-10-12T07:30:21.483Z";"EARLY";"2017-10-12 07:30:31.915";3
"user10_BattleshipGreyCassowary";"BattleshipGreyCassowary";"2017-10-12T07:30:18.700Z";"EARLY";"2017-10-12 07:30:31.915";15
"user9_BattleshipGreyCassowary";"BattleshipGreyCassowary";"2017-10-12T07:30:17.767Z";"EARLY";"2017-10-12 07:30:31.915";11
"user6_BattleshipGreyCassowary";"BattleshipGreyCassowary";"2017-10-12T07:30:21.556Z";"EARLY";"2017-10-12 07:30:31.915";6
"user0_BattleshipGreyCassowary";"BattleshipGreyCassowary";"2017-10-12T07:30:18.910Z";"EARLY";"2017-10-12 07:30:31.915";2
"user7_BattleshipGreyCassowary";"BattleshipGreyCassowary";"2017-10-12T07:30:17.771Z";"EARLY";"2017-10-12 07:30:31.915";1
"user4_BattleshipGreyCassowary";"BattleshipGreyCassowary";"2017-10-12T07:30:19.519Z";"EARLY";"2017-10-12 07:30:31.915";15
"user5_BattleshipGreyCassowary";"BattleshipGreyCassowary";"2017-10-12T07:30:17.676Z";"EARLY";"2017-10-12 07:30:31.915";0
"user7_BattleshipGreyCassowary";"BattleshipGreyCassowary";"2017-10-12T07:30:19.157Z";"EARLY";"2017-10-12 07:30:31.915";6
"user16_BattleshipGreyCassowary";"BattleshipGreyCassowary";"2017-10-12T07:29:50.123Z";"EARLY";"2017-10-12 07:30:32.042";7
"user8_BattleshipGreyCassowary";"BattleshipGreyCassowary";"2017-10-12T07:30:17.653Z";"EARLY";"2017-10-12 07:30:32.042";9
"user13_BattleshipGreyCassowary";"BattleshipGreyCassowary";"2017-10-12T07:30:18.653Z";"EARLY";"2017-10-12 07:30:32.042";4
"user13_BattleshipGreyCassowary";"BattleshipGreyCassowary";"2017-10-12T07:30:17.644Z";"EARLY";"2017-10-12 07:30:32.042";11
"user13_BattleshipGreyCassowary";"BattleshipGreyCassowary";"2017-10-12T07:30:20.891Z";"EARLY";"2017-10-12 07:30:32.042";16
"user4_BattleshipGreyCassowary";"BattleshipGreyCassowary";"2017-10-12T07:30:19.502Z";"EARLY";"2017-10-12 07:30:32.066";13
"user1_BattleshipGreyCassowary";"BattleshipGreyCassowary";"2017-10-12T07:30:17.549Z";"EARLY";"2017-10-12 07:30:32.066";18
"user12_BattleshipGreyCassowary";"BattleshipGreyCassowary";"2017-10-12T07:30:21.543Z";"EARLY";"2017-10-12 07:30:32.066";0
"Robot-3";"BattleshipGreyCassowary";"2017-10-12T07:30:19.477Z";"EARLY";"2017-10-12 07:30:32.066";14
"user10_BattleshipGreyCassowary";"BattleshipGreyCassowary";"2017-10-12T07:30:18.244Z";"EARLY";"2017-10-12 07:30:32.066";8
"user9_BattleshipGreyCassowary";"BattleshipGreyCassowary";"2017-10-12T07:30:19.686Z";"EARLY";"2017-10-12 07:30:32.066";3
"user2_BattleshipGreyCassowary";"BattleshipGreyCassowary";"2017-10-12T07:30:19.625Z";"EARLY";"2017-10-12 07:30:32.066";4
"Robot-17";"BattleshipGreyCassowary";"2017-10-12T07:30:18.248Z";"EARLY";"2017-10-12 07:30:32.179";18
"user0_BattleshipGreyCassowary";"BattleshipGreyCassowary";"2017-10-12T07:29:39.796Z";"EARLY";"2017-10-12 07:30:32.179";6
"user10_BattleshipGreyCassowary";"BattleshipGreyCassowary";"2017-10-12T07:30:20.893Z";"EARLY";"2017-10-12 07:30:32.179";13
"user16_BattleshipGreyCassowary";"BattleshipGreyCassowary";"2017-10-12T07:30:18.842Z";"EARLY";"2017-10-12 07:30:32.179";6
"user4_BattleshipGreyCassowary";"BattleshipGreyCassowary";"2017-10-12T07:30:17.615Z";"EARLY";"2017-10-12 07:30:32.199";8
"user10_BattleshipGreyCassowary";"BattleshipGreyCassowary";"2017-10-12T07:30:21.194Z";"EARLY";"2017-10-12 07:30:32.199";3
"user2_BattleshipGreyCassowary";"BattleshipGreyCassowary";"2017-10-12T07:30:19.526Z";"EARLY";"2017-10-12 07:30:32.199";16
"user2_BattleshipGreyCassowary";"BattleshipGreyCassowary";"2017-10-12T07:30:21.314Z";"EARLY";"2017-10-12 07:30:32.199";1
"user14_BattleshipGreyCassowary";"BattleshipGreyCassowary";"2017-10-12T07:30:16.976Z";"EARLY";"2017-10-12 07:30:32.354";15
"user13_BattleshipGreyCassowary";"BattleshipGreyCassowary";"2017-10-12T07:29:35.997Z";"EARLY";"2017-10-12 07:30:32.354";19
"user2_BattleshipGreyCassowary";"BattleshipGreyCassowary";"2017-10-12T07:29:31.218Z";"EARLY";"2017-10-12 07:30:32.354";16
"user0_BattleshipGreyCassowary";"BattleshipGreyCassowary";"2017-10-12T07:30:20.111Z";"EARLY";"2017-10-12 07:30:32.354";8
"Robot-3";"BattleshipGreyCassowary";"2017-10-12T07:30:21.552Z";"EARLY";"2017-10-12 07:30:32.374";16
"user4_BattleshipGreyCassowary";"BattleshipGreyCassowary";"2017-10-12T07:30:21.607Z";"EARLY";"2017-10-12 07:30:32.374";13
"user12_BattleshipGreyCassowary";"BattleshipGreyCassowary";"2017-10-12T07:30:19.919Z";"EARLY";"2017-10-12 07:30:32.374";4
"user4_BattleshipGreyCassowary";"BattleshipGreyCassowary";"2017-10-12T07:29:30.569Z";"EARLY";"2017-10-12 07:30:32.375";11
"user0_BattleshipGreyCassowary";"BattleshipGreyCassowary";"2017-10-12T07:30:20.705Z";"EARLY";"2017-10-12 07:30:32.374";4
"Robot-17";"BattleshipGreyCassowary";"2017-10-12T07:30:21.298Z";"EARLY";"2017-10-12 07:30:32.375";18
"user8_BattleshipGreyCassowary";"BattleshipGreyCassowary";"2017-10-12T07:30:19.783Z";"EARLY";"2017-10-12 07:30:32.375";0
"user0_BattleshipGreyCassowary";"BattleshipGreyCassowary";"2017-10-12T07:30:18.345Z";"EARLY";"2017-10-12 07:30:32.375";8
"user12_BattleshipGreyCassowary";"BattleshipGreyCassowary";"2017-10-12T07:30:18.143Z";"EARLY";"2017-10-12 07:30:32.487";1
"user12_BattleshipGreyCassowary";"BattleshipGreyCassowary";"2017-10-12T07:30:17.744Z";"EARLY";"2017-10-12 07:30:32.488";14
"Robot-17";"BattleshipGreyCassowary";"2017-10-12T07:30:19.397Z";"EARLY";"2017-10-12 07:30:32.488";15
"user9_BattleshipGreyCassowary";"BattleshipGreyCassowary";"2017-10-12T07:30:20.130Z";"EARLY";"2017-10-12 07:30:32.489";4
"user16_BattleshipGreyCassowary";"BattleshipGreyCassowary";"2017-10-12T07:30:21.079Z";"EARLY";"2017-10-12 07:30:32.507";18
"user2_BattleshipGreyCassowary";"BattleshipGreyCassowary";"2017-10-12T07:30:20.442Z";"EARLY";"2017-10-12 07:30:32.507";15
"user17_BattleshipGreyCassowary";"BattleshipGreyCassowary";"2017-10-12T07:30:17.550Z";"EARLY";"2017-10-12 07:30:32.507";15
"Robot-17";"BattleshipGreyCassowary";"2017-10-12T07:30:20.373Z";"EARLY";"2017-10-12 07:30:32.507";10
"user9_BattleshipGreyCassowary";"BattleshipGreyCassowary";"2017-10-12T07:30:19.293Z";"EARLY";"2017-10-12 07:30:32.507";11
"user10_BattleshipGreyCassowary";"BattleshipGreyCassowary";"2017-10-12T07:30:21.616Z";"EARLY";"2017-10-12 07:30:32.607";3
"user13_BattleshipGreyCassowary";"BattleshipGreyCassowary";"2017-10-12T07:29:57.831Z";"EARLY";"2017-10-12 07:30:32.607";15
"user2_BattleshipGreyCassowary";"BattleshipGreyCassowary";"2017-10-12T07:30:18.704Z";"EARLY";"2017-10-12 07:30:32.607";9
"user10_BattleshipGreyCassowary";"BattleshipGreyCassowary";"2017-10-12T07:30:19.837Z";"EARLY";"2017-10-12 07:30:32.626";5
"user17_BattleshipGreyCassowary";"BattleshipGreyCassowary";"2017-10-12T07:30:21.546Z";"EARLY";"2017-10-12 07:30:32.626";13
"user7_BattleshipGreyCassowary";"BattleshipGreyCassowary";"2017-10-12T07:30:19.080Z";"EARLY";"2017-10-12 07:30:32.626";17
"user7_BattleshipGreyCassowary";"BattleshipGreyCassowary";"2017-10-12T07:30:19.480Z";"EARLY";"2017-10-12 07:30:32.626";8
"user3_BattleshipGreyCassowary";"BattleshipGreyCassowary";"2017-10-12T07:30:20.755Z";"EARLY";"2017-10-12 07:30:32.732";19
"user0_BattleshipGreyCassowary";"BattleshipGreyCassowary";"2017-10-12T07:30:17.206Z";"EARLY";"2017-10-12 07:30:32.732";14
"user15_BattleshipGreyCassowary";"BattleshipGreyCassowary";"2017-10-12T07:30:21.669Z";"EARLY";"2017-10-12 07:30:32.733";10
"user8_BattleshipGreyCassowary";"BattleshipGreyCassowary";"2017-10-12T07:29:33.585Z";"EARLY";"2017-10-12 07:30:32.733";18
"user10_BattleshipGreyCassowary";"BattleshipGreyCassowary";"2017-10-12T07:29:33.675Z";"EARLY";"2017-10-12 07:30:32.733";5
"user9_BattleshipGreyCassowary";"BattleshipGreyCassowary";"2017-10-12T07:30:17.964Z";"EARLY";"2017-10-12 07:30:32.886";7
"user16_BattleshipGreyCassowary";"BattleshipGreyCassowary";"2017-10-12T07:30:20.206Z";"EARLY";"2017-10-12 07:30:32.886";4
"user4_BattleshipGreyCassowary";"BattleshipGreyCassowary";"2017-10-12T07:30:20.629Z";"EARLY";"2017-10-12 07:30:32.886";10
"user12_BattleshipGreyCassowary";"BattleshipGreyCassowary";"2017-10-12T07:30:19.692Z";"EARLY";"2017-10-12 07:30:32.907";15
"user15_BattleshipGreyCassowary";"BattleshipGreyCassowary";"2017-10-12T07:30:17.110Z";"EARLY";"2017-10-12 07:30:33.064";13
"user7_BattleshipGreyCassowary";"BattleshipGreyCassowary";"2017-10-12T07:30:19.026Z";"EARLY";"2017-10-12 07:30:33.064";8
"user4_BattleshipGreyCassowary";"BattleshipGreyCassowary";"2017-10-12T07:30:17.666Z";"EARLY";"2017-10-12 07:30:33.064";0
"user17_BattleshipGreyCassowary";"BattleshipGreyCassowary";"2017-10-12T07:30:18.150Z";"EARLY";"2017-10-12 07:30:33.064";3
"user4_BattleshipGreyCassowary";"BattleshipGreyCassowary";"2017-10-12T07:30:21.538Z";"EARLY";"2017-10-12 07:30:33.085";17
"user9_BattleshipGreyCassowary";"BattleshipGreyCassowary";"2017-10-12T07:30:18.989Z";"EARLY";"2017-10-12 07:30:33.197";0
"user4_BattleshipGreyCassowary";"BattleshipGreyCassowary";"2017-10-12T07:30:18.107Z";"EARLY";"2017-10-12 07:30:33.197";11
"user10_BattleshipGreyCassowary";"BattleshipGreyCassowary";"2017-10-12T07:30:20.379Z";"EARLY";"2017-10-12 07:30:33.197";17
"user10_BattleshipGreyCassowary";"BattleshipGreyCassowary";"2017-10-12T07:30:19.093Z";"EARLY";"2017-10-12 07:30:33.197";4
"user15_BattleshipGreyCassowary";"BattleshipGreyCassowary";"2017-10-12T07:29:55.359Z";"EARLY";"2017-10-12 07:30:33.197";19
"user11_BattleshipGreyCassowary";"BattleshipGreyCassowary";"2017-10-12T07:30:21.492Z";"EARLY";"2017-10-12 07:30:33.376";8
"user6_BattleshipGreyCassowary";"BattleshipGreyCassowary";"2017-10-12T07:30:19.805Z";"EARLY";"2017-10-12 07:30:33.377";11
"user11_BattleshipGreyCassowary";"BattleshipGreyCassowary";"2017-10-12T07:30:20.778Z";"EARLY";"2017-10-12 07:30:33.377";2
"user3_BattleshipGreyCassowary";"BattleshipGreyCassowary";"2017-10-12T07:30:21.093Z";"EARLY";"2017-10-12 07:30:33.377";9
"user4_BattleshipGreyCassowary";"BattleshipGreyCassowary";"2017-10-12T07:30:20.255Z";"EARLY";"2017-10-12 07:30:33.395";3
"user4_BattleshipGreyCassowary";"BattleshipGreyCassowary";"2017-10-12T07:30:19.224Z";"EARLY";"2017-10-12 07:30:33.395";16
"user8_BattleshipGreyCassowary";"BattleshipGreyCassowary";"2017-10-12T07:30:18.190Z";"EARLY";"2017-10-12 07:30:33.557";14
"user16_BattleshipGreyCassowary";"BattleshipGreyCassowary";"2017-10-12T07:30:21.086Z";"EARLY";"2017-10-12 07:30:33.557";9
"user6_BattleshipGreyCassowary";"BattleshipGreyCassowary";"2017-10-12T07:30:21.469Z";"EARLY";"2017-10-12 07:30:33.578";18
"user1_BattleshipGreyCassowary";"BattleshipGreyCassowary";"2017-10-12T07:30:17.919Z";"EARLY";"2017-10-12 07:30:33.578";14
"user17_BattleshipGreyCassowary";"BattleshipGreyCassowary";"2017-10-12T07:30:18.901Z";"EARLY";"2017-10-12 07:30:33.656";4
"user7_BattleshipGreyCassowary";"BattleshipGreyCassowary";"2017-10-12T07:30:21.325Z";"EARLY";"2017-10-12 07:30:33.656";11
"user16_BattleshipGreyCassowary";"BattleshipGreyCassowary";"2017-10-12T07:29:31.772Z";"EARLY";"2017-10-12 07:30:33.656";6
"user1_BattleshipGreyCassowary";"BattleshipGreyCassowary";"2017-10-12T07:30:17.779Z";"EARLY";"2017-10-12 07:30:33.656";16
"Robot-3";"BattleshipGreyCassowary";"2017-10-12T07:30:21.299Z";"EARLY";"2017-10-12 07:30:33.656";8
"user8_BattleshipGreyCassowary";"BattleshipGreyCassowary";"2017-10-12T07:30:17.125Z";"EARLY";"2017-10-12 07:30:33.803";9
"user0_BattleshipGreyCassowary";"BattleshipGreyCassowary";"2017-10-12T07:30:20.424Z";"EARLY";"2017-10-12 07:30:33.804";11
"user16_BattleshipGreyCassowary";"BattleshipGreyCassowary";"2017-10-12T07:30:17.992Z";"EARLY";"2017-10-12 07:30:33.804";8
"user0_BattleshipGreyCassowary";"BattleshipGreyCassowary";"2017-10-12T07:30:19.062Z";"EARLY";"2017-10-12 07:30:33.804";12
"user7_BattleshipGreyCassowary";"BattleshipGreyCassowary";"2017-10-12T07:30:17.585Z";"EARLY";"2017-10-12 07:30:33.804";17
"user12_BattleshipGreyCassowary";"BattleshipGreyCassowary";"2017-10-12T07:30:20.270Z";"EARLY";"2017-10-12 07:30:33.825";16
"user15_BattleshipGreyCassowary";"BattleshipGreyCassowary";"2017-10-12T07:30:20.340Z";"EARLY";"2017-10-12 07:30:33.928";15
"user7_BattleshipGreyCassowary";"BattleshipGreyCassowary";"2017-10-12T07:30:18.698Z";"EARLY";"2017-10-12 07:30:33.928";5
"Robot-3";"BattleshipGreyCassowary";"2017-10-12T07:30:19.677Z";"EARLY";"2017-10-12 07:30:33.928";19
"user2_BattleshipGreyCassowary";"BattleshipGreyCassowary";"2017-10-12T07:30:17.473Z";"EARLY";"2017-10-12 07:30:34.005";18
"user3_BattleshipGreyCassowary";"BattleshipGreyCassowary";"2017-10-12T07:30:17.721Z";"EARLY";"2017-10-12 07:30:34.005";19
"user17_BattleshipGreyCassowary";"BattleshipGreyCassowary";"2017-10-12T07:30:16.876Z";"EARLY";"2017-10-12 07:30:34.005";16
"user3_BattleshipGreyCassowary";"BattleshipGreyCassowary";"2017-10-12T07:30:21.090Z";"EARLY";"2017-10-12 07:30:34.005";4
"user15_BattleshipGreyCassowary";"BattleshipGreyCassowary";"2017-10-12T07:30:17.096Z";"EARLY";"2017-10-12 07:30:34.005";0
"user8_BattleshipGreyCassowary";"BattleshipGreyCassowary";"2017-10-12T07:30:19.711Z";"EARLY";"2017-10-12 07:30:34.023";7
"user6_BattleshipGreyCassowary";"BattleshipGreyCassowary";"2017-10-12T07:30:17.408Z";"EARLY";"2017-10-12 07:30:34.145";16
"user16_BattleshipGreyCassowary";"BattleshipGreyCassowary";"2017-10-12T07:30:17.788Z";"EARLY";"2017-10-12 07:30:34.145";8
"user2_BattleshipGreyCassowary";"BattleshipGreyCassowary";"2017-10-12T07:30:18.395Z";"EARLY";"2017-10-12 07:30:34.145";18
"user11_BattleshipGreyCassowary";"BattleshipGreyCassowary";"2017-10-12T07:30:21.178Z";"EARLY";"2017-10-12 07:30:34.145";5
"user14_BattleshipGreyCassowary";"BattleshipGreyCassowary";"2017-10-12T07:29:38.978Z";"EARLY";"2017-10-12 07:30:34.165";4
"user13_BattleshipGreyCassowary";"BattleshipGreyCassowary";"2017-10-12T07:30:17.787Z";"EARLY";"2017-10-12 07:30:34.269";3
"user8_BattleshipGreyCassowary";"BattleshipGreyCassowary";"2017-10-12T07:29:49.035Z";"EARLY";"2017-10-12 07:30:34.269";7
"user6_BattleshipGreyCassowary";"BattleshipGreyCassowary";"2017-10-12T07:30:18.600Z";"EARLY";"2017-10-12 07:30:34.269";16
"user0_BattleshipGreyCassowary";"BattleshipGreyCassowary";"2017-10-12T07:30:17.983Z";"EARLY";"2017-10-12 07:30:34.269";3
"user0_BattleshipGreyCassowary";"BattleshipGreyCassowary";"2017-10-12T07:30:18.499Z";"EARLY";"2017-10-12 07:30:34.269";2
"user3_BattleshipGreyCassowary";"BattleshipGreyCassowary";"2017-10-12T07:30:17.200Z";"EARLY";"2017-10-12 07:30:34.269";17
"user5_BattleshipGreyCassowary";"BattleshipGreyCassowary";"2017-10-12T07:30:17.266Z";"EARLY";"2017-10-12 07:30:34.353";17
"user16_BattleshipGreyCassowary";"BattleshipGreyCassowary";"2017-10-12T07:30:17.937Z";"EARLY";"2017-10-12 07:30:34.353";10
"user14_BattleshipGreyCassowary";"BattleshipGreyCassowary";"2017-10-12T07:30:17.436Z";"EARLY";"2017-10-12 07:30:34.372";5
"Robot-3";"BattleshipGreyCassowary";"2017-10-12T07:30:17.284Z";"EARLY";"2017-10-12 07:30:34.372";10
"user12_BattleshipGreyCassowary";"BattleshipGreyCassowary";"2017-10-12T07:30:20.429Z";"EARLY";"2017-10-12 07:30:34.372";9
"user9_BattleshipGreyCassowary";"BattleshipGreyCassowary";"2017-10-12T07:30:36.189Z";"EARLY";"2017-10-12 07:30:49.800";8
"user10_BattleshipGreyCassowary";"BattleshipGreyCassowary";"2017-10-12T07:30:38.774Z";"EARLY";"2017-10-12 07:30:49.800";19
"user14_BattleshipGreyCassowary";"BattleshipGreyCassowary";"2017-10-12T07:29:58.682Z";"EARLY";"2017-10-12 07:30:49.826";11
"user3_BattleshipGreyCassowary";"BattleshipGreyCassowary";"2017-10-12T07:29:44.909Z";"EARLY";"2017-10-12 07:30:49.826";18
"user11_BattleshipGreyCassowary";"BattleshipGreyCassowary";"2017-10-12T07:30:38.606Z";"EARLY";"2017-10-12 07:30:49.827";18
"user9_BattleshipGreyCassowary";"BattleshipGreyCassowary";"2017-10-12T07:30:34.600Z";"EARLY";"2017-10-12 07:30:49.826";1
"user0_BattleshipGreyCassowary";"BattleshipGreyCassowary";"2017-10-12T07:30:39.462Z";"EARLY";"2017-10-12 07:30:49.827";0
"user7_BattleshipGreyCassowary";"BattleshipGreyCassowary";"2017-10-12T07:30:35.397Z";"EARLY";"2017-10-12 07:30:49.956";11
"user6_BattleshipGreyCassowary";"BattleshipGreyCassowary";"2017-10-12T07:30:35.887Z";"EARLY";"2017-10-12 07:30:49.957";14
"user1_BattleshipGreyCassowary";"BattleshipGreyCassowary";"2017-10-12T07:30:38.557Z";"EARLY";"2017-10-12 07:30:49.978";11
"user13_BattleshipGreyCassowary";"BattleshipGreyCassowary";"2017-10-12T07:30:38.333Z";"EARLY";"2017-10-12 07:30:49.978";13
"Robot-3";"BattleshipGreyCassowary";"2017-10-12T07:30:38.196Z";"EARLY";"2017-10-12 07:30:50.099";16
"user9_BattleshipGreyCassowary";"BattleshipGreyCassowary";"2017-10-12T07:30:36.925Z";"EARLY";"2017-10-12 07:30:50.099";3
"user12_BattleshipGreyCassowary";"BattleshipGreyCassowary";"2017-10-12T07:29:48.302Z";"EARLY";"2017-10-12 07:30:50.099";15
"user6_BattleshipGreyCassowary";"BattleshipGreyCassowary";"2017-10-12T07:30:39.017Z";"EARLY";"2017-10-12 07:30:50.120";1
"user4_BattleshipGreyCassowary";"BattleshipGreyCassowary";"2017-10-12T07:30:34.809Z";"EARLY";"2017-10-12 07:30:50.120";14
"user2_BattleshipGreyCassowary";"BattleshipGreyCassowary";"2017-10-12T07:30:37.907Z";"EARLY";"2017-10-12 07:30:50.120";1
"user2_BattleshipGreyCassowary";"BattleshipGreyCassowary";"2017-10-12T07:30:39.474Z";"EARLY";"2017-10-12 07:30:50.120";18
"user1_BattleshipGreyCassowary";"BattleshipGreyCassowary";"2017-10-12T07:30:35.833Z";"EARLY";"2017-10-12 07:30:50.120";19
"user2_BattleshipGreyCassowary";"BattleshipGreyCassowary";"2017-10-12T07:30:36.456Z";"EARLY";"2017-10-12 07:30:50.120";14
"user1_BattleshipGreyCassowary";"BattleshipGreyCassowary";"2017-10-12T07:30:38.030Z";"EARLY";"2017-10-12 07:30:50.298";2
"user5_BattleshipGreyCassowary";"BattleshipGreyCassowary";"2017-10-12T07:30:38.665Z";"EARLY";"2017-10-12 07:30:50.298";18
"user7_BattleshipGreyCassowary";"BattleshipGreyCassowary";"2017-10-12T07:30:37.780Z";"EARLY";"2017-10-12 07:30:50.298";0
"user7_BattleshipGreyCassowary";"BattleshipGreyCassowary";"2017-10-12T07:30:36.549Z";"EARLY";"2017-10-12 07:30:50.298";15
"user12_BattleshipGreyCassowary";"BattleshipGreyCassowary";"2017-10-12T07:30:36.695Z";"EARLY";"2017-10-12 07:30:50.321";8
"user12_BattleshipGreyCassowary";"BattleshipGreyCassowary";"2017-10-12T07:30:36.376Z";"EARLY";"2017-10-12 07:30:50.321";8
"user2_BattleshipGreyCassowary";"BattleshipGreyCassowary";"2017-10-12T07:29:59.943Z";"EARLY";"2017-10-12 07:30:50.321";18
"Robot-3";"BattleshipGreyCassowary";"2017-10-12T07:30:36.047Z";"EARLY";"2017-10-12 07:30:50.520";15
"user14_BattleshipGreyCassowary";"BattleshipGreyCassowary";"2017-10-12T07:30:35.127Z";"EARLY";"2017-10-12 07:30:50.542";18
"user4_BattleshipGreyCassowary";"BattleshipGreyCassowary";"2017-10-12T07:30:35.769Z";"EARLY";"2017-10-12 07:30:50.542";10
"user14_BattleshipGreyCassowary";"BattleshipGreyCassowary";"2017-10-12T07:30:21.623Z";"EARLY";"2017-10-12 07:30:50.727";19
"user9_BattleshipGreyCassowary";"BattleshipGreyCassowary";"2017-10-12T07:30:35.351Z";"EARLY";"2017-10-12 07:30:50.727";9
"user1_BattleshipGreyCassowary";"BattleshipGreyCassowary";"2017-10-12T07:30:38.536Z";"EARLY";"2017-10-12 07:30:50.728";19
"user11_BattleshipGreyCassowary";"BattleshipGreyCassowary";"2017-10-12T07:30:38.271Z";"EARLY";"2017-10-12 07:30:50.887";1
"Robot-3";"BattleshipGreyCassowary";"2017-10-12T07:30:37.159Z";"EARLY";"2017-10-12 07:30:50.914";19
"user8_BattleshipGreyCassowary";"BattleshipGreyCassowary";"2017-10-12T07:30:35.035Z";"EARLY";"2017-10-12 07:30:50.914";17
"user6_BattleshipGreyCassowary";"BattleshipGreyCassowary";"2017-10-12T07:30:34.561Z";"EARLY";"2017-10-12 07:30:50.914";5
"user4_BattleshipGreyCassowary";"BattleshipGreyCassowary";"2017-10-12T07:30:38.983Z";"EARLY";"2017-10-12 07:30:50.914";14
"user2_BattleshipGreyCassowary";"BattleshipGreyCassowary";"2017-10-12T07:30:35.255Z";"EARLY";"2017-10-12 07:30:51.071";18
"user10_BattleshipGreyCassowary";"BattleshipGreyCassowary";"2017-10-12T07:30:38.470Z";"EARLY";"2017-10-12 07:30:51.071";6
"user8_BattleshipGreyCassowary";"BattleshipGreyCassowary";"2017-10-12T07:30:38.174Z";"EARLY";"2017-10-12 07:30:51.071";8
"Robot-3";"BattleshipGreyCassowary";"2017-10-12T07:30:37.590Z";"EARLY";"2017-10-12 07:30:51.071";1
"user3_BattleshipGreyCassowary";"BattleshipGreyCassowary";"2017-10-12T07:30:37.157Z";"EARLY";"2017-10-12 07:30:51.071";2
"user10_BattleshipGreyCassowary";"BattleshipGreyCassowary";"2017-10-12T07:30:37.166Z";"EARLY";"2017-10-12 07:30:51.071";14
"user6_BattleshipGreyCassowary";"BattleshipGreyCassowary";"2017-10-12T07:30:35.581Z";"EARLY";"2017-10-12 07:30:51.257";2
"Robot-3";"BattleshipGreyCassowary";"2017-10-12T07:30:35.993Z";"EARLY";"2017-10-12 07:30:51.278";1
"user13_BattleshipGreyCassowary";"BattleshipGreyCassowary";"2017-10-12T07:30:35.855Z";"EARLY";"2017-10-12 07:30:51.278";7
"user3_BattleshipGreyCassowary";"BattleshipGreyCassowary";"2017-10-12T07:30:37.453Z";"EARLY";"2017-10-12 07:30:51.278";14
"user6_BattleshipGreyCassowary";"BattleshipGreyCassowary";"2017-10-12T07:30:37.451Z";"EARLY";"2017-10-12 07:30:51.278";6
"user14_BattleshipGreyCassowary";"BattleshipGreyCassowary";"2017-10-12T07:29:59.627Z";"EARLY";"2017-10-12 07:30:51.278";10
"user13_BattleshipGreyCassowary";"BattleshipGreyCassowary";"2017-10-12T07:30:35.054Z";"EARLY";"2017-10-12 07:30:51.278";10
"user15_BattleshipGreyCassowary";"BattleshipGreyCassowary";"2017-10-12T07:31:38.971Z";"EARLY";"2017-10-12 07:31:52.554";1
"user10_BattleshipGreyCassowary";"BattleshipGreyCassowary";"2017-10-12T07:31:40.464Z";"EARLY";"2017-10-12 07:31:52.554";18
"user18_BattleshipGreyCassowary";"BattleshipGreyCassowary";"2017-10-12T07:31:41.631Z";"EARLY";"2017-10-12 07:31:52.554";0
"user7_BattleshipGreyCassowary";"BattleshipGreyCassowary";"2017-10-12T07:31:38.251Z";"EARLY";"2017-10-12 07:31:52.554";18
"user7_BattleshipGreyCassowary";"BattleshipGreyCassowary";"2017-10-12T07:31:37.902Z";"EARLY";"2017-10-12 07:31:52.555";5
"user3_BattleshipGreyCassowary";"BattleshipGreyCassowary";"2017-10-12T07:31:39.724Z";"EARLY";"2017-10-12 07:31:52.817";6
"user7_BattleshipGreyCassowary";"BattleshipGreyCassowary";"2017-10-12T07:31:38.452Z";"EARLY";"2017-10-12 07:31:52.852";15
"Robot-18";"BattleshipGreyCassowary";"2017-10-12T07:31:40.350Z";"EARLY";"2017-10-12 07:31:52.852";9
"user8_BattleshipGreyCassowary";"BattleshipGreyCassowary";"2017-10-12T07:31:40.676Z";"EARLY";"2017-10-12 07:31:52.852";6
"user2_BattleshipGreyCassowary";"BattleshipGreyCassowary";"2017-10-12T07:31:41.434Z";"EARLY";"2017-10-12 07:31:53.249";1
"user18_BattleshipGreyCassowary";"BattleshipGreyCassowary";"2017-10-12T07:31:41.275Z";"EARLY";"2017-10-12 07:31:53.249";6
"user2_BattleshipGreyCassowary";"BattleshipGreyCassowary";"2017-10-12T07:31:07.835Z";"EARLY";"2017-10-12 07:31:53.249";19
"user4_BattleshipGreyCassowary";"BattleshipGreyCassowary";"2017-10-12T07:31:37.925Z";"EARLY";"2017-10-12 07:31:53.250";3
"user2_BattleshipGreyCassowary";"BattleshipGreyCassowary";"2017-10-12T07:31:39.188Z";"EARLY";"2017-10-12 07:31:53.250";18
"user6_BattleshipGreyCassowary";"BattleshipGreyCassowary";"2017-10-12T07:31:39.044Z";"EARLY";"2017-10-12 07:31:53.250";1
"Robot-18";"BattleshipGreyCassowary";"2017-10-12T07:31:38.673Z";"EARLY";"2017-10-12 07:31:53.556";3
"user7_BattleshipGreyCassowary";"BattleshipGreyCassowary";"2017-10-12T07:31:37.386Z";"EARLY";"2017-10-12 07:31:53.556";12
"user11_BattleshipGreyCassowary";"BattleshipGreyCassowary";"2017-10-12T07:31:41.711Z";"EARLY";"2017-10-12 07:31:53.556";10
"user12_BattleshipGreyCassowary";"BattleshipGreyCassowary";"2017-10-12T07:31:41.985Z";"EARLY";"2017-10-12 07:31:53.556";9
"user1_BattleshipGreyCassowary";"BattleshipGreyCassowary";"2017-10-12T07:31:37.914Z";"EARLY";"2017-10-12 07:31:53.556";9
"user12_BattleshipGreyCassowary";"BattleshipGreyCassowary";"2017-10-12T07:31:39.283Z";"EARLY";"2017-10-12 07:31:53.556";10
"user6_BattleshipGreyCassowary";"BattleshipGreyCassowary";"2017-10-12T07:31:39.315Z";"EARLY";"2017-10-12 07:31:53.556";1
"user2_BattleshipGreyCassowary";"BattleshipGreyCassowary";"2017-10-12T07:31:37.884Z";"EARLY";"2017-10-12 07:31:53.585";9
"user12_BattleshipGreyCassowary";"BattleshipGreyCassowary";"2017-10-12T07:31:38.454Z";"EARLY";"2017-10-12 07:31:53.827";6
"user9_BattleshipGreyCassowary";"BattleshipGreyCassowary";"2017-10-12T07:31:38.033Z";"EARLY";"2017-10-12 07:31:53.863";16
"user17_BattleshipGreyCassowary";"BattleshipGreyCassowary";"2017-10-12T07:30:59.394Z";"EARLY";"2017-10-12 07:31:53.863";0
"user16_BattleshipGreyCassowary";"BattleshipGreyCassowary";"2017-10-12T07:31:39.309Z";"EARLY";"2017-10-12 07:31:54.107";5
"user12_BattleshipGreyCassowary";"BattleshipGreyCassowary";"2017-10-12T07:31:40.014Z";"EARLY";"2017-10-12 07:31:54.107";12
"user18_BattleshipGreyCassowary";"BattleshipGreyCassowary";"2017-10-12T07:31:41.886Z";"EARLY";"2017-10-12 07:31:54.107";19
"user13_BattleshipGreyCassowary";"BattleshipGreyCassowary";"2017-10-12T07:31:38.435Z";"EARLY";"2017-10-12 07:31:54.107";11
"user16_BattleshipGreyCassowary";"BattleshipGreyCassowary";"2017-10-12T07:31:40.119Z";"EARLY";"2017-10-12 07:31:54.144";6
"user9_BattleshipGreyCassowary";"BattleshipGreyCassowary";"2017-10-12T07:31:37.396Z";"EARLY";"2017-10-12 07:31:54.324";10
"user7_BattleshipGreyCassowary";"BattleshipGreyCassowary";"2017-10-12T07:31:40.577Z";"EARLY";"2017-10-12 07:31:54.356";10
"user4_BattleshipGreyCassowary";"BattleshipGreyCassowary";"2017-10-12T07:31:37.505Z";"EARLY";"2017-10-12 07:31:54.356";6
"user17_BattleshipGreyCassowary";"BattleshipGreyCassowary";"2017-10-12T07:31:38.804Z";"EARLY";"2017-10-12 07:31:54.697";9
"user11_BattleshipGreyCassowary";"BattleshipGreyCassowary";"2017-10-12T07:31:37.940Z";"EARLY";"2017-10-12 07:31:54.697";2
"user8_BattleshipGreyCassowary";"BattleshipGreyCassowary";"2017-10-12T07:31:40.206Z";"EARLY";"2017-10-12 07:31:54.697";5
"user13_BattleshipGreyCassowary";"BattleshipGreyCassowary";"2017-10-12T07:31:38.467Z";"EARLY";"2017-10-12 07:31:54.726";3
"user5_BattleshipGreyCassowary";"BattleshipGreyCassowary";"2017-10-12T07:31:40.011Z";"EARLY";"2017-10-12 07:31:54.726";11
"user13_BattleshipGreyCassowary";"BattleshipGreyCassowary";"2017-10-12T07:31:37.713Z";"EARLY";"2017-10-12 07:31:54.726";14
"user7_BattleshipGreyCassowary";"BattleshipGreyCassowary";"2017-10-12T07:31:41.732Z";"EARLY";"2017-10-12 07:31:54.726";3
"user11_BattleshipGreyCassowary";"BattleshipGreyCassowary";"2017-10-12T07:31:37.658Z";"EARLY";"2017-10-12 07:31:54.726";6
"user3_BattleshipGreyCassowary";"BattleshipGreyCassowary";"2017-10-12T07:31:37.638Z";"EARLY";"2017-10-12 07:31:54.981";9
"user11_BattleshipGreyCassowary";"BattleshipGreyCassowary";"2017-10-12T07:31:39.469Z";"EARLY";"2017-10-12 07:31:54.981";17
"user11_BattleshipGreyCassowary";"BattleshipGreyCassowary";"2017-10-12T07:31:41.645Z";"EARLY";"2017-10-12 07:31:55.018";13
"user0_BattleshipGreyCassowary";"BattleshipGreyCassowary";"2017-10-12T07:31:40.208Z";"EARLY";"2017-10-12 07:31:55.018";4
"user3_BattleshipGreyCassowary";"BattleshipGreyCassowary";"2017-10-12T07:31:40.400Z";"EARLY";"2017-10-12 07:31:55.229";10
"user2_BattleshipGreyCassowary";"BattleshipGreyCassowary";"2017-10-12T07:31:41.498Z";"EARLY";"2017-10-12 07:31:55.229";7
"user16_BattleshipGreyCassowary";"BattleshipGreyCassowary";"2017-10-12T07:31:19.095Z";"EARLY";"2017-10-12 07:31:55.229";9
"user0_BattleshipGreyCassowary";"BattleshipGreyCassowary";"2017-10-12T07:31:40.769Z";"EARLY";"2017-10-12 07:31:55.229";13
"user0_BattleshipGreyCassowary";"BattleshipGreyCassowary";"2017-10-12T07:31:37.780Z";"EARLY";"2017-10-12 07:31:55.229";12
"user10_BattleshipGreyCassowary";"BattleshipGreyCassowary";"2017-10-12T07:31:38.466Z";"EARLY";"2017-10-12 07:31:55.268";10
"user16_BattleshipGreyCassowary";"BattleshipGreyCassowary";"2017-10-12T07:31:42.175Z";"EARLY";"2017-10-12 07:31:55.451";11
"user17_BattleshipGreyCassowary";"BattleshipGreyCassowary";"2017-10-12T07:30:58.020Z";"EARLY";"2017-10-12 07:31:55.452";1
"user5_BattleshipGreyCassowary";"BattleshipGreyCassowary";"2017-10-12T07:31:37.926Z";"EARLY";"2017-10-12 07:31:55.452";16
"user16_BattleshipGreyCassowary";"BattleshipGreyCassowary";"2017-10-12T07:31:40.887Z";"EARLY";"2017-10-12 07:31:55.452";18
"user17_BattleshipGreyCassowary";"BattleshipGreyCassowary";"2017-10-12T07:31:37.867Z";"EARLY";"2017-10-12 07:31:55.452";2
"user3_BattleshipGreyCassowary";"BattleshipGreyCassowary";"2017-10-12T07:31:41.261Z";"EARLY";"2017-10-12 07:31:55.452";14
"user16_BattleshipGreyCassowary";"BattleshipGreyCassowary";"2017-10-12T07:31:41.784Z";"EARLY";"2017-10-12 07:31:55.816";17
"user16_BattleshipGreyCassowary";"BattleshipGreyCassowary";"2017-10-12T07:31:41.677Z";"EARLY";"2017-10-12 07:31:55.816";10
"user9_BattleshipGreyCassowary";"BattleshipGreyCassowary";"2017-10-12T07:31:39.425Z";"EARLY";"2017-10-12 07:31:56.186";2
"Robot-18";"BattleshipGreyCassowary";"2017-10-12T07:31:38.123Z";"EARLY";"2017-10-12 07:31:56.186";4
"user3_BattleshipGreyCassowary";"BattleshipGreyCassowary";"2017-10-12T07:31:40.042Z";"EARLY";"2017-10-12 07:31:56.186";0
"user14_BattleshipGreyCassowary";"BattleshipGreyCassowary";"2017-10-12T07:31:41.529Z";"EARLY";"2017-10-12 07:31:56.432";14
"user4_BattleshipGreyCassowary";"BattleshipGreyCassowary";"2017-10-12T07:31:41.291Z";"EARLY";"2017-10-12 07:31:56.471";18
"user7_BattleshipGreyCassowary";"BattleshipGreyCassowary";"2017-10-12T07:31:38.999Z";"EARLY";"2017-10-12 07:31:56.472";12
"user12_BattleshipGreyCassowary";"BattleshipGreyCassowary";"2017-10-12T07:31:40.933Z";"EARLY";"2017-10-12 07:31:56.472";9
"user5_BattleshipGreyCassowary";"BattleshipGreyCassowary";"2017-10-12T07:31:40.069Z";"EARLY";"2017-10-12 07:31:56.734";6
"user15_BattleshipGreyCassowary";"BattleshipGreyCassowary";"2017-10-12T07:31:39.618Z";"EARLY";"2017-10-12 07:31:56.734";18
"user6_BattleshipGreyCassowary";"BattleshipGreyCassowary";"2017-10-12T07:31:38.569Z";"EARLY";"2017-10-12 07:31:56.734";15
"user11_BattleshipGreyCassowary";"BattleshipGreyCassowary";"2017-10-12T07:31:37.446Z";"EARLY";"2017-10-12 07:31:56.734";3
"user4_BattleshipGreyCassowary";"BattleshipGreyCassowary";"2017-10-12T07:31:38.856Z";"EARLY";"2017-10-12 07:31:56.772";17
"user3_BattleshipGreyCassowary";"BattleshipGreyCassowary";"2017-10-12T07:31:42.233Z";"EARLY";"2017-10-12 07:31:56.772";2
"user16_BattleshipGreyCassowary";"BattleshipGreyCassowary";"2017-10-12T07:31:39.565Z";"EARLY";"2017-10-12 07:31:56.772";12
"user1_BattleshipGreyCassowary";"BattleshipGreyCassowary";"2017-10-12T07:31:40.408Z";"EARLY";"2017-10-12 07:31:57.118";17
"user12_BattleshipGreyCassowary";"BattleshipGreyCassowary";"2017-10-12T07:31:37.704Z";"EARLY";"2017-10-12 07:31:57.147";13
"user18_BattleshipGreyCassowary";"BattleshipGreyCassowary";"2017-10-12T07:31:38.320Z";"EARLY";"2017-10-12 07:31:57.147";4
"user11_BattleshipGreyCassowary";"BattleshipGreyCassowary";"2017-10-12T07:31:40.448Z";"EARLY";"2017-10-12 07:31:57.335";4
"user0_BattleshipGreyCassowary";"BattleshipGreyCassowary";"2017-10-12T07:31:41.433Z";"EARLY";"2017-10-12 07:31:57.335";16
"user17_BattleshipGreyCassowary";"BattleshipGreyCassowary";"2017-10-12T07:31:39.259Z";"EARLY";"2017-10-12 07:31:57.335";19
"Robot-18";"BattleshipGreyCassowary";"2017-10-12T07:31:41.353Z";"EARLY";"2017-10-12 07:31:57.369";18
"user17_BattleshipGreyCassowary";"BattleshipGreyCassowary";"2017-10-12T07:30:56.666Z";"EARLY";"2017-10-12 07:31:57.369";12
"user5_BattleshipGreyCassowary";"BattleshipGreyCassowary";"2017-10-12T07:31:40.184Z";"EARLY";"2017-10-12 07:31:57.408";14
"user6_BattleshipGreyCassowary";"BattleshipGreyCassowary";"2017-10-12T07:31:38.600Z";"EARLY";"2017-10-12 07:31:57.408";9
"Robot-18";"BattleshipGreyCassowary";"2017-10-12T07:30:51.881Z";"EARLY";"2017-10-12 07:31:57.408";9
"user13_BattleshipGreyCassowary";"BattleshipGreyCassowary";"2017-10-12T07:31:38.578Z";"EARLY";"2017-10-12 07:31:57.934";8
"user18_BattleshipGreyCassowary";"BattleshipGreyCassowary";"2017-10-12T07:31:37.876Z";"EARLY";"2017-10-12 07:31:57.934";12
"user15_BattleshipGreyCassowary";"BattleshipGreyCassowary";"2017-10-12T07:31:37.552Z";"EARLY";"2017-10-12 07:31:57.934";10
"Robot-18";"BattleshipGreyCassowary";"2017-10-12T07:31:38.840Z";"EARLY";"2017-10-12 07:31:57.934";0
"user9_BattleshipGreyCassowary";"BattleshipGreyCassowary";"2017-10-12T07:31:37.646Z";"EARLY";"2017-10-12 07:31:57.934";15
"user17_BattleshipGreyCassowary";"BattleshipGreyCassowary";"2017-10-12T07:31:42.013Z";"EARLY";"2017-10-12 07:31:57.963";11
"Robot-18";"BattleshipGreyCassowary";"2017-10-12T07:31:37.886Z";"EARLY";"2017-10-12 07:31:57.963";11
"user12_BattleshipGreyCassowary";"BattleshipGreyCassowary";"2017-10-12T07:31:42.210Z";"EARLY";"2017-10-12 07:31:58.251";0
"Robot-18";"BattleshipGreyCassowary";"2017-10-12T07:31:41.404Z";"EARLY";"2017-10-12 07:31:58.251";9
"user4_BattleshipGreyCassowary";"BattleshipGreyCassowary";"2017-10-12T07:31:38.219Z";"EARLY";"2017-10-12 07:31:58.251";14
"user1_BattleshipGreyCassowary";"BattleshipGreyCassowary";"2017-10-12T07:31:37.970Z";"EARLY";"2017-10-12 07:31:58.251";12
"user3_BattleshipGreyCassowary";"BattleshipGreyCassowary";"2017-10-12T07:31:39.960Z";"EARLY";"2017-10-12 07:31:58.280";9
"user12_BattleshipGreyCassowary";"BattleshipGreyCassowary";"2017-10-12T07:31:41.946Z";"EARLY";"2017-10-12 07:31:58.280";0
"user17_BattleshipGreyCassowary";"BattleshipGreyCassowary";"2017-10-12T07:31:37.474Z";"EARLY";"2017-10-12 07:31:58.467";19
"user8_BattleshipGreyCassowary";"BattleshipGreyCassowary";"2017-10-12T07:31:39.190Z";"EARLY";"2017-10-12 07:31:58.467";6
"user1_BattleshipGreyCassowary";"BattleshipGreyCassowary";"2017-10-12T07:31:39.268Z";"EARLY";"2017-10-12 07:31:58.467";9
"user7_BattleshipGreyCassowary";"BattleshipGreyCassowary";"2017-10-12T07:31:39.082Z";"EARLY";"2017-10-12 07:31:58.468";4
"user12_BattleshipGreyCassowary";"BattleshipGreyCassowary";"2017-10-12T07:31:39.818Z";"EARLY";"2017-10-12 07:31:58.500";10
"user12_BattleshipGreyCassowary";"BattleshipGreyCassowary";"2017-10-12T07:31:42.196Z";"EARLY";"2017-10-12 07:31:58.500";0
"user10_BattleshipGreyCassowary";"BattleshipGreyCassowary";"2017-10-12T07:31:41.740Z";"EARLY";"2017-10-12 07:31:58.710";11
"user12_BattleshipGreyCassowary";"BattleshipGreyCassowary";"2017-10-12T07:31:40.535Z";"EARLY";"2017-10-12 07:31:58.710";8
"user9_BattleshipGreyCassowary";"BattleshipGreyCassowary";"2017-10-12T07:31:41.122Z";"EARLY";"2017-10-12 07:31:58.711";8
"user5_BattleshipGreyCassowary";"BattleshipGreyCassowary";"2017-10-12T07:31:39.146Z";"EARLY";"2017-10-12 07:31:58.711";5
"user14_BattleshipGreyCassowary";"BattleshipGreyCassowary";"2017-10-12T07:31:38.185Z";"EARLY";"2017-10-12 07:31:58.895";17
"user7_BattleshipGreyCassowary";"BattleshipGreyCassowary";"2017-10-12T07:31:40.345Z";"EARLY";"2017-10-12 07:31:58.896";7
"user10_BattleshipGreyCassowary";"BattleshipGreyCassowary";"2017-10-12T07:31:40.895Z";"EARLY";"2017-10-12 07:31:58.896";6
"user17_BattleshipGreyCassowary";"BattleshipGreyCassowary";"2017-10-12T07:31:37.706Z";"EARLY";"2017-10-12 07:31:58.896";16
"user11_BattleshipGreyCassowary";"BattleshipGreyCassowary";"2017-10-12T07:31:41.827Z";"EARLY";"2017-10-12 07:31:58.897";12
"user12_BattleshipGreyCassowary";"BattleshipGreyCassowary";"2017-10-12T07:31:42.091Z";"EARLY";"2017-10-12 07:31:58.928";5
"Robot-18";"BattleshipGreyCassowary";"2017-10-12T07:30:50.892Z";"EARLY";"2017-10-12 07:31:58.928";11
"user11_BattleshipGreyCassowary";"BattleshipGreyCassowary";"2017-10-12T07:31:38.090Z";"EARLY";"2017-10-12 07:31:58.928";12
"user1_BattleshipGreyCassowary";"BattleshipGreyCassowary";"2017-10-12T07:31:37.596Z";"EARLY";"2017-10-12 07:31:59.169";8
"user17_BattleshipGreyCassowary";"BattleshipGreyCassowary";"2017-10-12T07:31:37.394Z";"EARLY";"2017-10-12 07:31:59.169";19
"user9_BattleshipGreyCassowary";"BattleshipGreyCassowary";"2017-10-12T07:30:58.004Z";"EARLY";"2017-10-12 07:31:59.168";14
"user17_BattleshipGreyCassowary";"BattleshipGreyCassowary";"2017-10-12T07:31:37.723Z";"EARLY";"2017-10-12 07:31:59.169";19
"user6_BattleshipGreyCassowary";"BattleshipGreyCassowary";"2017-10-12T07:31:42.218Z";"EARLY";"2017-10-12 07:31:59.169";10
"user7_BattleshipGreyCassowary";"BattleshipGreyCassowary";"2017-10-12T07:31:38.085Z";"EARLY";"2017-10-12 07:31:59.169";15
"user9_BattleshipGreyCassowary";"BattleshipGreyCassowary";"2017-10-12T07:31:40.841Z";"EARLY";"2017-10-12 07:31:59.208";18
"user18_BattleshipGreyCassowary";"BattleshipGreyCassowary";"2017-10-12T07:31:39.245Z";"EARLY";"2017-10-12 07:31:59.403";9
"user14_BattleshipGreyCassowary";"BattleshipGreyCassowary";"2017-10-12T07:31:40.460Z";"EARLY";"2017-10-12 07:31:59.403";4
"user11_BattleshipGreyCassowary";"BattleshipGreyCassowary";"2017-10-12T07:31:18.272Z";"EARLY";"2017-10-12 07:31:59.665";3
"user3_BattleshipGreyCassowary";"BattleshipGreyCassowary";"2017-10-12T07:31:39.542Z";"EARLY";"2017-10-12 07:31:59.665";3
"user8_BattleshipGreyCassowary";"BattleshipGreyCassowary";"2017-10-12T07:31:41.465Z";"EARLY";"2017-10-12 07:31:59.703";18
"user14_BattleshipGreyCassowary";"BattleshipGreyCassowary";"2017-10-12T07:31:39.532Z";"EARLY";"2017-10-12 07:31:59.703";5
"user10_BattleshipGreyCassowary";"BattleshipGreyCassowary";"2017-10-12T07:31:41.185Z";"EARLY";"2017-10-12 07:31:59.703";5
"user13_BattleshipGreyCassowary";"BattleshipGreyCassowary";"2017-10-12T07:31:41.913Z";"EARLY";"2017-10-12 07:31:59.703";8
"user16_BattleshipGreyCassowary";"BattleshipGreyCassowary";"2017-10-12T07:30:52.629Z";"EARLY";"2017-10-12 07:31:59.703";13
"user2_BattleshipGreyCassowary";"BattleshipGreyCassowary";"2017-10-12T07:31:39.112Z";"EARLY";"2017-10-12 07:31:59.703";13
"user2_BattleshipGreyCassowary";"BattleshipGreyCassowary";"2017-10-12T07:31:39.414Z";"EARLY";"2017-10-12 07:31:59.880";14
"user17_BattleshipGreyCassowary";"BattleshipGreyCassowary";"2017-10-12T07:31:39.190Z";"EARLY";"2017-10-12 07:31:59.880";8
"user1_BattleshipGreyCassowary";"BattleshipGreyCassowary";"2017-10-12T07:31:39.861Z";"EARLY";"2017-10-12 07:31:59.880";16
"user6_BattleshipGreyCassowary";"BattleshipGreyCassowary";"2017-10-12T07:31:41.745Z";"EARLY";"2017-10-12 07:31:59.880";1
"user7_BattleshipGreyCassowary";"BattleshipGreyCassowary";"2017-10-12T07:31:39.706Z";"EARLY";"2017-10-12 07:31:59.880";10
"user10_BattleshipGreyCassowary";"BattleshipGreyCassowary";"2017-10-12T07:31:38.075Z";"EARLY";"2017-10-12 07:31:59.880";9
"user0_BattleshipGreyCassowary";"BattleshipGreyCassowary";"2017-10-12T07:31:41.025Z";"EARLY";"2017-10-12 07:32:00.216";8
"Robot-18";"BattleshipGreyCassowary";"2017-10-12T07:31:39.921Z";"EARLY";"2017-10-12 07:32:00.216";9
"user7_BattleshipGreyCassowary";"BattleshipGreyCassowary";"2017-10-12T07:31:40.281Z";"EARLY";"2017-10-12 07:32:00.216";18
"user10_BattleshipGreyCassowary";"BattleshipGreyCassowary";"2017-10-12T07:31:25.430Z";"EARLY";"2017-10-12 07:32:00.430";17
"user7_BattleshipGreyCassowary";"BattleshipGreyCassowary";"2017-10-12T07:31:38.539Z";"EARLY";"2017-10-12 07:32:00.430";8
"user12_BattleshipGreyCassowary";"BattleshipGreyCassowary";"2017-10-12T07:31:39.219Z";"EARLY";"2017-10-12 07:32:00.430";13
"user8_BattleshipGreyCassowary";"BattleshipGreyCassowary";"2017-10-12T07:31:39.950Z";"EARLY";"2017-10-12 07:32:00.430";1
"user7_BattleshipGreyCassowary";"BattleshipGreyCassowary";"2017-10-12T07:31:37.888Z";"EARLY";"2017-10-12 07:32:00.430";8
"user10_BattleshipGreyCassowary";"BattleshipGreyCassowary";"2017-10-12T07:31:37.729Z";"EARLY";"2017-10-12 07:32:00.715";13
"user16_BattleshipGreyCassowary";"BattleshipGreyCassowary";"2017-10-12T07:31:41.570Z";"EARLY";"2017-10-12 07:32:00.715";8
"user6_BattleshipGreyCassowary";"BattleshipGreyCassowary";"2017-10-12T07:31:38.631Z";"EARLY";"2017-10-12 07:32:00.754";17
"user0_BattleshipGreyCassowary";"BattleshipGreyCassowary";"2017-10-12T07:31:40.378Z";"EARLY";"2017-10-12 07:32:00.754";3
"user6_BattleshipGreyCassowary";"BattleshipGreyCassowary";"2017-10-12T07:31:41.896Z";"EARLY";"2017-10-12 07:32:00.754";9
"user10_BattleshipGreyCassowary";"BattleshipGreyCassowary";"2017-10-12T07:31:39.433Z";"EARLY";"2017-10-12 07:32:00.754";2
"user16_BattleshipGreyCassowary";"BattleshipGreyCassowary";"2017-10-12T07:31:37.530Z";"EARLY";"2017-10-12 07:32:00.754";13
"user12_BattleshipGreyCassowary";"BattleshipGreyCassowary";"2017-10-12T07:31:38.138Z";"EARLY";"2017-10-12 07:32:00.754";14
"user16_BattleshipGreyCassowary";"BattleshipGreyCassowary";"2017-10-12T07:31:42.061Z";"EARLY";"2017-10-12 07:32:00.754";12
"user4_BattleshipGreyCassowary";"BattleshipGreyCassowary";"2017-10-12T07:31:42.359Z";"EARLY";"2017-10-12 07:32:01.051";13
"user8_BattleshipGreyCassowary";"BattleshipGreyCassowary";"2017-10-12T07:31:39.318Z";"EARLY";"2017-10-12 07:32:01.051";2
"user16_BattleshipGreyCassowary";"BattleshipGreyCassowary";"2017-10-12T07:31:39.386Z";"EARLY";"2017-10-12 07:32:01.052";14
"user7_BattleshipGreyCassowary";"BattleshipGreyCassowary";"2017-10-12T07:31:40.524Z";"EARLY";"2017-10-12 07:32:01.081";15
"user2_BattleshipGreyCassowary";"BattleshipGreyCassowary";"2017-10-12T07:31:38.361Z";"EARLY";"2017-10-12 07:32:01.338";4
"user12_BattleshipGreyCassowary";"BattleshipGreyCassowary";"2017-10-12T07:31:38.345Z";"EARLY";"2017-10-12 07:32:01.338";9
"Robot-18";"BattleshipGreyCassowary";"2017-10-12T07:31:38.413Z";"EARLY";"2017-10-12 07:32:01.338";12
"user6_BattleshipGreyCassowary";"BattleshipGreyCassowary";"2017-10-12T07:31:41.503Z";"EARLY";"2017-10-12 07:32:01.338";0
"user7_BattleshipGreyCassowary";"BattleshipGreyCassowary";"2017-10-12T07:30:52.243Z";"EARLY";"2017-10-12 07:32:01.377";5
"user5_BattleshipGreyCassowary";"BattleshipGreyCassowary";"2017-10-12T07:31:41.088Z";"EARLY";"2017-10-12 07:32:01.377";11
"user9_BattleshipGreyCassowary";"BattleshipGreyCassowary";"2017-10-12T07:31:38.744Z";"EARLY";"2017-10-12 07:32:01.377";2
"Robot-18";"BattleshipGreyCassowary";"2017-10-12T07:30:58.217Z";"EARLY";"2017-10-12 07:32:01.639";7
"Robot-18";"BattleshipGreyCassowary";"2017-10-12T07:31:38.276Z";"EARLY";"2017-10-12 07:32:01.640";2
"user7_BattleshipGreyCassowary";"BattleshipGreyCassowary";"2017-10-12T07:31:42.147Z";"EARLY";"2017-10-12 07:32:01.640";5
"user7_BattleshipGreyCassowary";"BattleshipGreyCassowary";"2017-10-12T07:31:41.716Z";"EARLY";"2017-10-12 07:32:01.678";5
"user0_BattleshipGreyCassowary";"BattleshipGreyCassowary";"2017-10-12T07:31:40.353Z";"EARLY";"2017-10-12 07:32:01.678";9
"user5_BattleshipGreyCassowary";"BattleshipGreyCassowary";"2017-10-12T07:31:37.716Z";"EARLY";"2017-10-12 07:32:01.934";19
"user16_BattleshipGreyCassowary";"BattleshipGreyCassowary";"2017-10-12T07:31:38.016Z";"EARLY";"2017-10-12 07:32:01.934";2
"user13_BattleshipGreyCassowary";"BattleshipGreyCassowary";"2017-10-12T07:31:41.475Z";"EARLY";"2017-10-12 07:32:01.934";11
"user17_BattleshipGreyCassowary";"BattleshipGreyCassowary";"2017-10-12T07:31:40.468Z";"EARLY";"2017-10-12 07:32:01.934";18
"user1_BattleshipGreyCassowary";"BattleshipGreyCassowary";"2017-10-12T07:31:07.124Z";"EARLY";"2017-10-12 07:32:01.934";5
"user14_BattleshipGreyCassowary";"BattleshipGreyCassowary";"2017-10-12T07:31:39.230Z";"EARLY";"2017-10-12 07:32:02.194";12
"user5_BattleshipGreyCassowary";"BattleshipGreyCassowary";"2017-10-12T07:31:40.257Z";"EARLY";"2017-10-12 07:32:02.234";0
"user16_BattleshipGreyCassowary";"BattleshipGreyCassowary";"2017-10-12T07:31:41.906Z";"EARLY";"2017-10-12 07:32:02.234";4
"user0_BattleshipGreyCassowary";"BattleshipGreyCassowary";"2017-10-12T07:31:39.601Z";"EARLY";"2017-10-12 07:32:02.234";18
"user14_BattleshipGreyCassowary";"BattleshipGreyCassowary";"2017-10-12T07:31:38.932Z";"EARLY";"2017-10-12 07:32:02.234";15
"user6_BattleshipGreyCassowary";"BattleshipGreyCassowary";"2017-10-12T07:31:39.393Z";"EARLY";"2017-10-12 07:32:02.427";5
"user6_BattleshipGreyCassowary";"BattleshipGreyCassowary";"2017-10-12T07:31:39.027Z";"EARLY";"2017-10-12 07:32:02.427";16
"Robot-18";"BattleshipGreyCassowary";"2017-10-12T07:31:38.651Z";"EARLY";"2017-10-12 07:32:02.427";8
"user11_BattleshipGreyCassowary";"BattleshipGreyCassowary";"2017-10-12T07:31:39.980Z";"EARLY";"2017-10-12 07:32:02.427";1
"user13_BattleshipGreyCassowary";"BattleshipGreyCassowary";"2017-10-12T07:31:39.380Z";"EARLY";"2017-10-12 07:32:02.457";17
"user3_BattleshipGreyCassowary";"BattleshipGreyCassowary";"2017-10-12T07:31:08.610Z";"EARLY";"2017-10-12 07:32:02.457";0
"user0_BattleshipGreyCassowary";"BattleshipGreyCassowary";"2017-10-12T07:30:56.552Z";"EARLY";"2017-10-12 07:32:02.457";14
"user8_BattleshipGreyCassowary";"BattleshipGreyCassowary";"2017-10-12T07:31:37.888Z";"EARLY";"2017-10-12 07:32:02.655";8
"user10_BattleshipGreyCassowary";"BattleshipGreyCassowary";"2017-10-12T07:31:40.874Z";"EARLY";"2017-10-12 07:32:02.655";15
"user5_BattleshipGreyCassowary";"BattleshipGreyCassowary";"2017-10-12T07:31:37.576Z";"EARLY";"2017-10-12 07:32:02.655";12
"user13_BattleshipGreyCassowary";"BattleshipGreyCassowary";"2017-10-12T07:31:38.804Z";"EARLY";"2017-10-12 07:32:02.655";8
"user14_BattleshipGreyCassowary";"BattleshipGreyCassowary";"2017-10-12T07:31:42.005Z";"EARLY";"2017-10-12 07:32:02.876";4
"user5_BattleshipGreyCassowary";"BattleshipGreyCassowary";"2017-10-12T07:31:42.214Z";"EARLY";"2017-10-12 07:32:02.916";14
"Robot-18";"BattleshipGreyCassowary";"2017-10-12T07:31:38.858Z";"EARLY";"2017-10-12 07:32:02.917";17
"user14_BattleshipGreyCassowary";"BattleshipGreyCassowary";"2017-10-12T07:31:39.015Z";"EARLY";"2017-10-12 07:32:02.917";10
"user13_BattleshipGreyCassowary";"BattleshipGreyCassowary";"2017-10-12T07:31:40.774Z";"EARLY";"2017-10-12 07:32:02.917";4
"user10_BattleshipGreyCassowary";"BattleshipGreyCassowary";"2017-10-12T07:31:41.646Z";"EARLY";"2017-10-12 07:32:02.917";10
"user11_BattleshipGreyCassowary";"BattleshipGreyCassowary";"2017-10-12T07:31:39.656Z";"EARLY";"2017-10-12 07:32:02.917";9
"user17_BattleshipGreyCassowary";"BattleshipGreyCassowary";"2017-10-12T07:31:39.779Z";"EARLY";"2017-10-12 07:32:02.917";17
"user18_BattleshipGreyCassowary";"BattleshipGreyCassowary";"2017-10-12T07:31:40.418Z";"EARLY";"2017-10-12 07:32:03.153";0
"user1_BattleshipGreyCassowary";"BattleshipGreyCassowary";"2017-10-12T07:31:39.016Z";"EARLY";"2017-10-12 07:32:03.153";0
"user16_BattleshipGreyCassowary";"BattleshipGreyCassowary";"2017-10-12T07:31:01.351Z";"EARLY";"2017-10-12 07:32:03.193";6
"user11_BattleshipGreyCassowary";"BattleshipGreyCassowary";"2017-10-12T07:31:39.308Z";"EARLY";"2017-10-12 07:32:03.193";7
"user7_BattleshipGreyCassowary";"BattleshipGreyCassowary";"2017-10-12T07:31:42.446Z";"EARLY";"2017-10-12 07:32:03.193";18
"user10_BattleshipGreyCassowary";"BattleshipGreyCassowary";"2017-10-12T07:31:38.913Z";"EARLY";"2017-10-12 07:32:03.193";3
"user6_BattleshipGreyCassowary";"BattleshipGreyCassowary";"2017-10-12T07:31:39.864Z";"EARLY";"2017-10-12 07:32:03.193";16
"user5_BattleshipGreyCassowary";"BattleshipGreyCassowary";"2017-10-12T07:30:52.802Z";"EARLY";"2017-10-12 07:32:03.529";10
"user14_BattleshipGreyCassowary";"BattleshipGreyCassowary";"2017-10-12T07:31:39.484Z";"EARLY";"2017-10-12 07:32:03.529";14
"Robot-18";"BattleshipGreyCassowary";"2017-10-12T07:31:40.155Z";"EARLY";"2017-10-12 07:32:03.529";3
"user7_BattleshipGreyCassowary";"BattleshipGreyCassowary";"2017-10-12T07:31:40.779Z";"EARLY";"2017-10-12 07:32:03.529";1
"user8_BattleshipGreyCassowary";"BattleshipGreyCassowary";"2017-10-12T07:31:40.289Z";"EARLY";"2017-10-12 07:32:03.529";11
"user16_BattleshipGreyCassowary";"BattleshipGreyCassowary";"2017-10-12T07:31:41.443Z";"EARLY";"2017-10-12 07:32:03.560";8
"user0_BattleshipGreyCassowary";"BattleshipGreyCassowary";"2017-10-12T07:31:38.495Z";"EARLY";"2017-10-12 07:32:03.560";18
"user13_BattleshipGreyCassowary";"BattleshipGreyCassowary";"2017-10-12T07:31:40.879Z";"EARLY";"2017-10-12 07:32:03.560";18
"user17_BattleshipGreyCassowary";"BattleshipGreyCassowary";"2017-10-12T07:30:54.352Z";"EARLY";"2017-10-12 07:32:03.884";6
"user3_BattleshipGreyCassowary";"BattleshipGreyCassowary";"2017-10-12T07:31:41.274Z";"EARLY";"2017-10-12 07:32:03.914";17
"Robot-18";"BattleshipGreyCassowary";"2017-10-12T07:31:39.863Z";"EARLY";"2017-10-12 07:32:03.914";5
"user2_BattleshipGreyCassowary";"BattleshipGreyCassowary";"2017-10-12T07:30:51.981Z";"EARLY";"2017-10-12 07:32:03.914";19
"user10_BattleshipGreyCassowary";"BattleshipGreyCassowary";"2017-10-12T07:31:39.151Z";"EARLY";"2017-10-12 07:32:04.176";11
"user16_BattleshipGreyCassowary";"BattleshipGreyCassowary";"2017-10-12T07:31:41.281Z";"EARLY";"2017-10-12 07:32:04.176";16
"user4_BattleshipGreyCassowary";"BattleshipGreyCassowary";"2017-10-12T07:31:40.021Z";"EARLY";"2017-10-12 07:32:04.215";9
"user9_BattleshipGreyCassowary";"BattleshipGreyCassowary";"2017-10-12T07:30:55.805Z";"EARLY";"2017-10-12 07:32:04.215";7
"user1_BattleshipGreyCassowary";"BattleshipGreyCassowary";"2017-10-12T07:31:38.798Z";"EARLY";"2017-10-12 07:32:04.493";8
"user9_BattleshipGreyCassowary";"BattleshipGreyCassowary";"2017-10-12T07:31:37.680Z";"EARLY";"2017-10-12 07:32:04.493";14
"user13_BattleshipGreyCassowary";"BattleshipGreyCassowary";"2017-10-12T07:31:42.324Z";"EARLY";"2017-10-12 07:32:04.493";0
"user5_BattleshipGreyCassowary";"BattleshipGreyCassowary";"2017-10-12T07:31:26.404Z";"EARLY";"2017-10-12 07:32:04.493";3
"user8_BattleshipGreyCassowary";"BattleshipGreyCassowary";"2017-10-12T07:31:40.900Z";"EARLY";"2017-10-12 07:32:04.493";6
"user17_BattleshipGreyCassowary";"BattleshipGreyCassowary";"2017-10-12T07:31:42.174Z";"EARLY";"2017-10-12 07:32:04.685";17
"user12_BattleshipGreyCassowary";"BattleshipGreyCassowary";"2017-10-12T07:31:41.684Z";"EARLY";"2017-10-12 07:32:04.685";12
"user5_BattleshipGreyCassowary";"BattleshipGreyCassowary";"2017-10-12T07:30:53.935Z";"EARLY";"2017-10-12 07:32:05.057";14
"user15_BattleshipGreyCassowary";"BattleshipGreyCassowary";"2017-10-12T07:31:37.691Z";"EARLY";"2017-10-12 07:32:05.057";13
"user5_BattleshipGreyCassowary";"BattleshipGreyCassowary";"2017-10-12T07:31:41.886Z";"EARLY";"2017-10-12 07:32:05.057";15
"user0_BattleshipGreyCassowary";"BattleshipGreyCassowary";"2017-10-12T07:31:42.011Z";"EARLY";"2017-10-12 07:32:05.057";11
"user5_BattleshipGreyCassowary";"BattleshipGreyCassowary";"2017-10-12T07:31:38.754Z";"EARLY";"2017-10-12 07:32:05.057";9
"user15_BattleshipGreyCassowary";"BattleshipGreyCassowary";"2017-10-12T07:31:37.669Z";"EARLY";"2017-10-12 07:32:05.057";15
"user0_BattleshipGreyCassowary";"BattleshipGreyCassowary";"2017-10-12T07:31:39.658Z";"EARLY";"2017-10-12 07:32:05.057";13
"user11_BattleshipGreyCassowary";"BattleshipGreyCassowary";"2017-10-12T07:31:37.835Z";"EARLY";"2017-10-12 07:32:05.368";7
"user4_BattleshipGreyCassowary";"BattleshipGreyCassowary";"2017-10-12T07:31:41.859Z";"EARLY";"2017-10-12 07:32:05.368";11
"user10_BattleshipGreyCassowary";"BattleshipGreyCassowary";"2017-10-12T07:31:35.693Z";"EARLY";"2017-10-12 07:32:05.368";2
"user18_BattleshipGreyCassowary";"BattleshipGreyCassowary";"2017-10-12T07:31:39.080Z";"EARLY";"2017-10-12 07:32:05.368";14
"user10_BattleshipGreyCassowary";"BattleshipGreyCassowary";"2017-10-12T07:31:38.812Z";"EARLY";"2017-10-12 07:32:05.794";5
"user14_BattleshipGreyCassowary";"BattleshipGreyCassowary";"2017-10-12T07:31:38.722Z";"EARLY";"2017-10-12 07:32:05.794";11
"user10_BattleshipGreyCassowary";"BattleshipGreyCassowary";"2017-10-12T07:31:40.369Z";"EARLY";"2017-10-12 07:32:05.794";14
"user14_BattleshipGreyCassowary";"BattleshipGreyCassowary";"2017-10-12T07:31:37.962Z";"EARLY";"2017-10-12 07:32:05.794";16
"user10_BattleshipGreyCassowary";"BattleshipGreyCassowary";"2017-10-12T07:31:42.273Z";"EARLY";"2017-10-12 07:32:05.794";15
"user15_BattleshipGreyCassowary";"BattleshipGreyCassowary";"2017-10-12T07:31:40.838Z";"EARLY";"2017-10-12 07:32:05.794";12
"user4_BattleshipGreyCassowary";"BattleshipGreyCassowary";"2017-10-12T07:31:37.849Z";"EARLY";"2017-10-12 07:32:05.794";15
"user9_BattleshipGreyCassowary";"BattleshipGreyCassowary";"2017-10-12T07:31:38.501Z";"EARLY";"2017-10-12 07:32:06.169";7
"user0_BattleshipGreyCassowary";"BattleshipGreyCassowary";"2017-10-12T07:31:41.022Z";"EARLY";"2017-10-12 07:32:06.169";7
"user3_BattleshipGreyCassowary";"BattleshipGreyCassowary";"2017-10-12T07:31:39.185Z";"EARLY";"2017-10-12 07:32:06.169";7
"user9_BattleshipGreyCassowary";"BattleshipGreyCassowary";"2017-10-12T07:31:40.935Z";"EARLY";"2017-10-12 07:32:06.169";14
"user9_BattleshipGreyCassowary";"BattleshipGreyCassowary";"2017-10-12T07:30:56.072Z";"EARLY";"2017-10-12 07:32:06.169";18
"user6_BattleshipGreyCassowary";"BattleshipGreyCassowary";"2017-10-12T07:31:38.971Z";"EARLY";"2017-10-12 07:32:06.169";15
"user16_BattleshipGreyCassowary";"BattleshipGreyCassowary";"2017-10-12T07:31:39.064Z";"EARLY";"2017-10-12 07:32:06.203";18
"user6_BattleshipGreyCassowary";"BattleshipGreyCassowary";"2017-10-12T07:31:42.446Z";"EARLY";"2017-10-12 07:32:06.203";9
"user18_BattleshipGreyCassowary";"BattleshipGreyCassowary";"2017-10-12T07:30:53.899Z";"EARLY";"2017-10-12 07:32:06.541";7
"user13_BattleshipGreyCassowary";"BattleshipGreyCassowary";"2017-10-12T07:31:40.639Z";"EARLY";"2017-10-12 07:32:06.541";8
"user6_BattleshipGreyCassowary";"BattleshipGreyCassowary";"2017-10-12T07:31:40.409Z";"EARLY";"2017-10-12 07:32:06.541";18
"user16_BattleshipGreyCassowary";"BattleshipGreyCassowary";"2017-10-12T07:31:40.985Z";"EARLY";"2017-10-12 07:32:06.541";2
"user1_BattleshipGreyCassowary";"BattleshipGreyCassowary";"2017-10-12T07:31:40.170Z";"EARLY";"2017-10-12 07:32:06.572";4
"user11_BattleshipGreyCassowary";"BattleshipGreyCassowary";"2017-10-12T07:31:01.680Z";"EARLY";"2017-10-12 07:32:06.572";5
